"Repository","Commit","Date","Month","Category","Language","Path","Additions","Deletions","Net"
"Backend","0a87141","2026-07-02","2026-07","Documentation","Markdown","docs/07_AUTH_SECURITY.md","17","0","17"
"Backend","0a87141","2026-07-02","2026-07","Documentation","Markdown","docs/09_DEPLOYMENT_GUIDE.md","3","1","2"
"Backend","0a87141","2026-07-02","2026-07","Documentation","Markdown","docs/10_AI_CODING_RULES.md","2","0","2"
"Backend","0a87141","2026-07-02","2026-07","Documentation","Markdown","docs/11_VALIDATION_AND_SMOKE_GUIDE.md","34","0","34"
"Backend","0a87141","2026-07-02","2026-07","Documentation","Markdown","docs/12_CODEX_TASK_PLAN.md","13","0","13"
"Backend","0a87141","2026-07-02","2026-07","Documentation","Markdown","README.md","25","1","24"
"Backend","0a87141","2026-07-02","2026-07","Script","Shell","scripts/linux/check-backend.sh","4","0","4"
"Backend","0a87141","2026-07-02","2026-07","Documentation","Markdown","scripts/linux/README.md","7","0","7"
"Backend","0a87141","2026-07-02","2026-07","Script","Shell","scripts/linux/run-backend.sh","1","0","1"
"Backend","0a87141","2026-07-02","2026-07","SqlMapper","SQL","scripts/sql/seed.sql","4","2","2"
"Backend","0a87141","2026-07-02","2026-07","Script","PowerShell","scripts/windows/check-t03.ps1","172","0","172"
"Backend","0a87141","2026-07-02","2026-07","Script","PowerShell","scripts/windows/smoke-auth.ps1","109","0","109"
"Backend","0a87141","2026-07-02","2026-07","JavaBusiness","Java","src/main/java/com/southstand/admin/AdminHealthController.java","24","0","24"
"Backend","0a87141","2026-07-02","2026-07","JavaBusiness","Java","src/main/java/com/southstand/auth/controller/AuthController.java","40","0","40"
"Backend","0a87141","2026-07-02","2026-07","JavaBusiness","Java","src/main/java/com/southstand/auth/dto/LoginRequest.java","31","0","31"
"Backend","0a87141","2026-07-02","2026-07","JavaBusiness","Java","src/main/java/com/southstand/auth/dto/RegisterRequest.java","44","0","44"
"Backend","0a87141","2026-07-02","2026-07","JavaBusiness","Java","src/main/java/com/southstand/auth/security/CurrentUserHolder.java","28","0","28"
"Backend","0a87141","2026-07-02","2026-07","JavaBusiness","Java","src/main/java/com/southstand/auth/security/JwtAccessDeniedHandler.java","28","0","28"
"Backend","0a87141","2026-07-02","2026-07","JavaBusiness","Java","src/main/java/com/southstand/auth/security/JwtAuthenticationEntryPoint.java","28","0","28"
"Backend","0a87141","2026-07-02","2026-07","JavaBusiness","Java","src/main/java/com/southstand/auth/security/JwtAuthenticationFilter.java","64","0","64"
"Backend","0a87141","2026-07-02","2026-07","JavaBusiness","Java","src/main/java/com/southstand/auth/security/JwtAuthenticationToken.java","26","0","26"
"Backend","0a87141","2026-07-02","2026-07","JavaBusiness","Java","src/main/java/com/southstand/auth/security/JwtProperties.java","26","0","26"
"Backend","0a87141","2026-07-02","2026-07","JavaBusiness","Java","src/main/java/com/southstand/auth/security/JwtTokenService.java","69","0","69"
"Backend","0a87141","2026-07-02","2026-07","JavaBusiness","Java","src/main/java/com/southstand/auth/security/LoginUserContext.java","26","0","26"
"Backend","0a87141","2026-07-02","2026-07","JavaBusiness","Java","src/main/java/com/southstand/auth/security/SecurityResponseWriter.java","26","0","26"
"Backend","0a87141","2026-07-02","2026-07","JavaBusiness","Java","src/main/java/com/southstand/auth/service/AuthService.java","188","0","188"
"Backend","0a87141","2026-07-02","2026-07","JavaBusiness","Java","src/main/java/com/southstand/auth/vo/LoginResponse.java","41","0","41"
"Backend","0a87141","2026-07-02","2026-07","JavaBusiness","Java","src/main/java/com/southstand/auth/vo/UserInfoVO.java","77","0","77"
"Backend","0a87141","2026-07-02","2026-07","JavaBusiness","Java","src/main/java/com/southstand/common/config/SecurityConfig.java","28","0","28"
"Backend","0a87141","2026-07-02","2026-07","JavaBusiness","Java","src/main/java/com/southstand/user/entity/SysUser.java","138","0","138"
"Backend","0a87141","2026-07-02","2026-07","JavaBusiness","Java","src/main/java/com/southstand/user/entity/UserOnboarding.java","93","0","93"
"Backend","0a87141","2026-07-02","2026-07","JavaBusiness","Java","src/main/java/com/southstand/user/entity/UserProfile.java","165","0","165"
"Backend","0a87141","2026-07-02","2026-07","JavaBusiness","Java","src/main/java/com/southstand/user/mapper/SysUserMapper.java","7","0","7"
"Backend","0a87141","2026-07-02","2026-07","JavaBusiness","Java","src/main/java/com/southstand/user/mapper/UserOnboardingMapper.java","7","0","7"
"Backend","0a87141","2026-07-02","2026-07","JavaBusiness","Java","src/main/java/com/southstand/user/mapper/UserProfileMapper.java","7","0","7"
"Backend","0a87141","2026-07-02","2026-07","Configuration","YAML","src/main/resources/application.yml","4","0","4"
"Backend","0a87141","2026-07-02","2026-07","Configuration","YAML","src/main/resources/application-dev.yml","6","0","6"
"Backend","0a87141","2026-07-02","2026-07","Configuration","YAML","src/main/resources/application-prod.template.yml","4","3","1"
"Backend","0a87141","2026-07-02","2026-07","Configuration","YAML","src/main/resources/application-template.yml","5","1","4"
"Backend","0a87141","2026-07-02","2026-07","JavaTest","Java","src/test/java/com/southstand/auth/AuthServiceTests.java","101","0","101"
"Backend","0a87141","2026-07-02","2026-07","JavaTest","Java","src/test/java/com/southstand/auth/JwtTokenServiceTests.java","55","0","55"
"Backend","361dfd1","2026-07-02","2026-07","Configuration","GITIGNORE",".gitignore","17","0","17"
"Backend","361dfd1","2026-07-02","2026-07","Documentation","Markdown","docs/00_DOCUMENT_MAP.md","144","0","144"
"Backend","361dfd1","2026-07-02","2026-07","Documentation","Markdown","docs/09_DEPLOYMENT_GUIDE.md","430","0","430"
"Backend","361dfd1","2026-07-02","2026-07","Documentation","Markdown","docs/10_AI_CODING_RULES.md","396","0","396"
"Backend","361dfd1","2026-07-02","2026-07","Documentation","Markdown","docs/11_VALIDATION_AND_SMOKE_GUIDE.md","552","0","552"
"Backend","361dfd1","2026-07-02","2026-07","Documentation","Markdown","docs/12_CODEX_TASK_PLAN.md","1479","0","1479"
"Backend","361dfd1","2026-07-02","2026-07","Documentation","Markdown","README.md","31","0","31"
"Backend","361dfd1","2026-07-02","2026-07","Documentation","Markdown","scripts/linux/README.md","19","0","19"
"Backend","361dfd1","2026-07-02","2026-07","Script","PowerShell","scripts/windows/check-repo.ps1","174","0","174"
"Backend","5db2a76","2026-07-02","2026-07","Documentation","Markdown","docs/01_PROJECT_OVERVIEW.md","149","0","149"
"Backend","5db2a76","2026-07-02","2026-07","Documentation","Markdown","docs/02_REQUIREMENT_SCOPE.md","337","0","337"
"Backend","5db2a76","2026-07-02","2026-07","Documentation","Markdown","docs/03_TECH_STACK.md","169","0","169"
"Backend","5db2a76","2026-07-02","2026-07","Documentation","Markdown","docs/04_BACKEND_ARCHITECTURE.md","374","0","374"
"Backend","5db2a76","2026-07-02","2026-07","Documentation","Markdown","docs/05_DATABASE_SCHEMA.md","724","0","724"
"Backend","5db2a76","2026-07-02","2026-07","Documentation","Markdown","docs/06_API_SPEC.md","734","0","734"
"Backend","5db2a76","2026-07-02","2026-07","Documentation","Markdown","docs/07_AUTH_SECURITY.md","350","0","350"
"Backend","5db2a76","2026-07-02","2026-07","Documentation","Markdown","docs/08_ALGORITHM_INTEGRATION.md","389","0","389"
"Backend","5db2a76","2026-07-02","2026-07","Documentation","Markdown","docs/09_DEPLOYMENT_GUIDE.md","17","0","17"
"Backend","5db2a76","2026-07-02","2026-07","Documentation","Markdown","docs/10_AI_CODING_RULES.md","2","0","2"
"Backend","5db2a76","2026-07-02","2026-07","Documentation","Markdown","docs/11_VALIDATION_AND_SMOKE_GUIDE.md","50","0","50"
"Backend","5db2a76","2026-07-02","2026-07","Documentation","Markdown","docs/12_CODEX_TASK_PLAN.md","19","0","19"
"Backend","5db2a76","2026-07-02","2026-07","Documentation","Markdown","README.md","29","0","29"
"Backend","5db2a76","2026-07-02","2026-07","Script","Shell","scripts/linux/check-backend.sh","8","0","8"
"Backend","5db2a76","2026-07-02","2026-07","Documentation","Markdown","scripts/linux/README.md","16","0","16"
"Backend","5db2a76","2026-07-02","2026-07","Script","Shell","scripts/linux/run-backend.sh","9","0","9"
"Backend","5db2a76","2026-07-02","2026-07","SqlMapper","SQL","scripts/sql/reset-dev.sql","3","0","3"
"Backend","5db2a76","2026-07-02","2026-07","SqlMapper","SQL","scripts/sql/schema.sql","371","0","371"
"Backend","5db2a76","2026-07-02","2026-07","SqlMapper","SQL","scripts/sql/seed.sql","88","0","88"
"Backend","5db2a76","2026-07-02","2026-07","Script","PowerShell","scripts/windows/check-t02.ps1","181","0","181"
"Backend","5db2a76","2026-07-02","2026-07","Script","PowerShell","scripts/windows/reset-dev-db.ps1","111","0","111"
"Backend","5db2a76","2026-07-02","2026-07","JavaBusiness","Java","src/main/java/com/southstand/api/HealthController.java","50","1","49"
"Backend","5db2a76","2026-07-02","2026-07","JavaBusiness","Java","src/main/java/com/southstand/common/config/TraceIdFilter.java","39","0","39"
"Backend","5db2a76","2026-07-02","2026-07","JavaBusiness","Java","src/main/java/com/southstand/common/config/TraceIdHolder.java","28","0","28"
"Backend","5db2a76","2026-07-02","2026-07","JavaBusiness","Java","src/main/java/com/southstand/common/enums/ErrorCode.java","31","0","31"
"Backend","5db2a76","2026-07-02","2026-07","JavaBusiness","Java","src/main/java/com/southstand/common/exception/BusinessException.java","22","0","22"
"Backend","5db2a76","2026-07-02","2026-07","JavaBusiness","Java","src/main/java/com/southstand/common/exception/GlobalExceptionHandler.java","54","0","54"
"Backend","5db2a76","2026-07-02","2026-07","JavaBusiness","Java","src/main/java/com/southstand/common/result/PageResult.java","68","0","68"
"Backend","5db2a76","2026-07-02","2026-07","JavaBusiness","Java","src/main/java/com/southstand/common/result/Result.java","11","2","9"
"Backend","5db2a76","2026-07-02","2026-07","JavaBusiness","Java","src/main/java/com/southstand/SouthStandApplication.java","3","4","-1"
"Backend","5db2a76","2026-07-02","2026-07","Configuration","YAML","src/main/resources/application.yml","20","0","20"
"Backend","5db2a76","2026-07-02","2026-07","Configuration","YAML","src/main/resources/application-dev.yml","10","0","10"
"Backend","5db2a76","2026-07-02","2026-07","Configuration","YAML","src/main/resources/application-prod.template.yml","11","10","1"
"Backend","5db2a76","2026-07-02","2026-07","Configuration","YAML","src/main/resources/application-template.yml","12","1","11"
"Backend","5db2a76","2026-07-02","2026-07","JavaTest","Java","src/test/java/com/southstand/common/result/ResultTests.java","50","0","50"
"Backend","81e21cf","2026-07-02","2026-07","Documentation","Markdown","docs/02_REQUIREMENT_SCOPE.md","1","1","0"
"Backend","81e21cf","2026-07-02","2026-07","Documentation","Markdown","docs/04_BACKEND_ARCHITECTURE.md","1","1","0"
"Backend","81e21cf","2026-07-02","2026-07","Documentation","Markdown","docs/05_DATABASE_SCHEMA.md","2","2","0"
"Backend","81e21cf","2026-07-02","2026-07","Documentation","Markdown","docs/06_API_SPEC.md","1","1","0"
"Backend","81e21cf","2026-07-02","2026-07","Documentation","Markdown","docs/07_AUTH_SECURITY.md","5","17","-12"
"Backend","81e21cf","2026-07-02","2026-07","Documentation","Markdown","docs/10_AI_CODING_RULES.md","2","0","2"
"Backend","81e21cf","2026-07-02","2026-07","Documentation","Markdown","docs/11_VALIDATION_AND_SMOKE_GUIDE.md","39","4","35"
"Backend","81e21cf","2026-07-02","2026-07","Documentation","Markdown","docs/12_CODEX_TASK_PLAN.md","18","5","13"
"Backend","81e21cf","2026-07-02","2026-07","Documentation","Markdown","README.md","19","0","19"
"Backend","81e21cf","2026-07-02","2026-07","SqlMapper","SQL","scripts/sql/seed.sql","35","22","13"
"Backend","81e21cf","2026-07-02","2026-07","Script","PowerShell","scripts/windows/check-t04.ps1","175","0","175"
"Backend","81e21cf","2026-07-02","2026-07","Script","PowerShell","scripts/windows/smoke-onboarding.ps1","155","0","155"
"Backend","81e21cf","2026-07-02","2026-07","JavaBusiness","Java","src/main/java/com/southstand/follow/controller/FollowController.java","27","0","27"
"Backend","81e21cf","2026-07-02","2026-07","JavaBusiness","Java","src/main/java/com/southstand/follow/dto/FollowToggleRequest.java","31","0","31"
"Backend","81e21cf","2026-07-02","2026-07","JavaBusiness","Java","src/main/java/com/southstand/follow/entity/FollowRecord.java","74","0","74"
"Backend","81e21cf","2026-07-02","2026-07","JavaBusiness","Java","src/main/java/com/southstand/follow/mapper/FollowRecordMapper.java","7","0","7"
"Backend","81e21cf","2026-07-02","2026-07","JavaBusiness","Java","src/main/java/com/southstand/follow/service/FollowService.java","232","0","232"
"Backend","81e21cf","2026-07-02","2026-07","JavaBusiness","Java","src/main/java/com/southstand/follow/vo/FollowToggleResponse.java","59","0","59"
"Backend","81e21cf","2026-07-02","2026-07","JavaBusiness","Java","src/main/java/com/southstand/football/player/entity/FootballPlayer.java","120","0","120"
"Backend","81e21cf","2026-07-02","2026-07","JavaBusiness","Java","src/main/java/com/southstand/football/player/entity/TeamPlayer.java","92","0","92"
"Backend","81e21cf","2026-07-02","2026-07","JavaBusiness","Java","src/main/java/com/southstand/football/player/mapper/FootballPlayerMapper.java","7","0","7"
"Backend","81e21cf","2026-07-02","2026-07","JavaBusiness","Java","src/main/java/com/southstand/football/player/mapper/TeamPlayerMapper.java","7","0","7"
"Backend","81e21cf","2026-07-02","2026-07","JavaBusiness","Java","src/main/java/com/southstand/football/team/entity/FootballTeam.java","110","0","110"
"Backend","81e21cf","2026-07-02","2026-07","JavaBusiness","Java","src/main/java/com/southstand/football/team/mapper/FootballTeamMapper.java","7","0","7"
"Backend","81e21cf","2026-07-02","2026-07","JavaBusiness","Java","src/main/java/com/southstand/onboarding/controller/OnboardingController.java","34","0","34"
"Backend","81e21cf","2026-07-02","2026-07","JavaBusiness","Java","src/main/java/com/southstand/onboarding/dto/SavePreferencesRequest.java","38","0","38"
"Backend","81e21cf","2026-07-02","2026-07","JavaBusiness","Java","src/main/java/com/southstand/onboarding/service/OnboardingService.java","230","0","230"
"Backend","81e21cf","2026-07-02","2026-07","JavaBusiness","Java","src/main/java/com/southstand/onboarding/vo/OnboardingOptionsVO.java","44","0","44"
"Backend","81e21cf","2026-07-02","2026-07","JavaBusiness","Java","src/main/java/com/southstand/onboarding/vo/PlayerOptionVO.java","68","0","68"
"Backend","81e21cf","2026-07-02","2026-07","JavaBusiness","Java","src/main/java/com/southstand/onboarding/vo/SavePreferencesResponse.java","41","0","41"
"Backend","81e21cf","2026-07-02","2026-07","JavaBusiness","Java","src/main/java/com/southstand/onboarding/vo/TeamOptionVO.java","59","0","59"
"Backend","81e21cf","2026-07-02","2026-07","JavaBusiness","Java","src/main/java/com/southstand/user/controller/UserProfileController.java","24","0","24"
"Backend","81e21cf","2026-07-02","2026-07","JavaBusiness","Java","src/main/java/com/southstand/user/service/UserProfileService.java","197","0","197"
"Backend","81e21cf","2026-07-02","2026-07","JavaBusiness","Java","src/main/java/com/southstand/user/vo/FollowStatsVO.java","41","0","41"
"Backend","81e21cf","2026-07-02","2026-07","JavaBusiness","Java","src/main/java/com/southstand/user/vo/PlayerBriefVO.java","59","0","59"
"Backend","81e21cf","2026-07-02","2026-07","JavaBusiness","Java","src/main/java/com/southstand/user/vo/TeamBriefVO.java","32","0","32"
"Backend","81e21cf","2026-07-02","2026-07","JavaBusiness","Java","src/main/java/com/southstand/user/vo/UserProfileVO.java","116","0","116"
"Backend","81e21cf","2026-07-02","2026-07","JavaTest","Java","src/test/java/com/southstand/follow/FollowServiceTests.java","73","0","73"
"Backend","81e21cf","2026-07-02","2026-07","JavaTest","Java","src/test/java/com/southstand/onboarding/OnboardingServiceTests.java","153","0","153"
"Backend","81e21cf","2026-07-02","2026-07","JavaTest","Java","src/test/java/com/southstand/user/UserProfileServiceTests.java","70","0","70"
"Backend","960ca2a","2026-07-02","2026-07","Documentation","Markdown","docs/09_DEPLOYMENT_GUIDE.md","7","1","6"
"Backend","960ca2a","2026-07-02","2026-07","Documentation","Markdown","docs/10_AI_CODING_RULES.md","8","0","8"
"Backend","960ca2a","2026-07-02","2026-07","Documentation","Markdown","docs/11_VALIDATION_AND_SMOKE_GUIDE.md","47","0","47"
"Backend","960ca2a","2026-07-02","2026-07","Documentation","Markdown","docs/12_CODEX_TASK_PLAN.md","18","0","18"
"Backend","960ca2a","2026-07-02","2026-07","Configuration","XML","pom.xml","117","0","117"
"Backend","960ca2a","2026-07-02","2026-07","Documentation","Markdown","README.md","40","1","39"
"Backend","960ca2a","2026-07-02","2026-07","Script","Shell","scripts/linux/check-backend.sh","8","0","8"
"Backend","960ca2a","2026-07-02","2026-07","Documentation","Markdown","scripts/linux/README.md","18","5","13"
"Backend","960ca2a","2026-07-02","2026-07","Script","Shell","scripts/linux/run-backend.sh","26","0","26"
"Backend","960ca2a","2026-07-02","2026-07","Script","Shell","scripts/linux/stop-backend.sh","19","0","19"
"Backend","960ca2a","2026-07-02","2026-07","Script","PowerShell","scripts/windows/build.ps1","2","0","2"
"Backend","960ca2a","2026-07-02","2026-07","Script","PowerShell","scripts/windows/check-t01.ps1","137","0","137"
"Backend","960ca2a","2026-07-02","2026-07","Script","PowerShell","scripts/windows/run-dev.ps1","2","0","2"
"Backend","960ca2a","2026-07-02","2026-07","Script","PowerShell","scripts/windows/smoke-health.ps1","2","0","2"
"Backend","960ca2a","2026-07-02","2026-07","JavaBusiness","Java","src/main/java/com/southstand/admin/package-info.java","1","0","1"
"Backend","960ca2a","2026-07-02","2026-07","JavaBusiness","Java","src/main/java/com/southstand/api/HealthController.java","35","0","35"
"Backend","960ca2a","2026-07-02","2026-07","JavaBusiness","Java","src/main/java/com/southstand/auth/package-info.java","1","0","1"
"Backend","960ca2a","2026-07-02","2026-07","JavaBusiness","Java","src/main/java/com/southstand/card/package-info.java","1","0","1"
"Backend","960ca2a","2026-07-02","2026-07","JavaBusiness","Java","src/main/java/com/southstand/common/config/OpenApiConfig.java","20","0","20"
"Backend","960ca2a","2026-07-02","2026-07","JavaBusiness","Java","src/main/java/com/southstand/common/config/package-info.java","1","0","1"
"Backend","960ca2a","2026-07-02","2026-07","JavaBusiness","Java","src/main/java/com/southstand/common/config/SecurityConfig.java","40","0","40"
"Backend","960ca2a","2026-07-02","2026-07","JavaBusiness","Java","src/main/java/com/southstand/common/config/WebConfig.java","18","0","18"
"Backend","960ca2a","2026-07-02","2026-07","JavaBusiness","Java","src/main/java/com/southstand/common/constant/package-info.java","1","0","1"
"Backend","960ca2a","2026-07-02","2026-07","JavaBusiness","Java","src/main/java/com/southstand/common/enums/package-info.java","1","0","1"
"Backend","960ca2a","2026-07-02","2026-07","JavaBusiness","Java","src/main/java/com/southstand/common/exception/package-info.java","1","0","1"
"Backend","960ca2a","2026-07-02","2026-07","JavaBusiness","Java","src/main/java/com/southstand/common/result/Result.java","57","0","57"
"Backend","960ca2a","2026-07-02","2026-07","JavaBusiness","Java","src/main/java/com/southstand/common/utils/package-info.java","1","0","1"
"Backend","960ca2a","2026-07-02","2026-07","JavaBusiness","Java","src/main/java/com/southstand/content/package-info.java","1","0","1"
"Backend","960ca2a","2026-07-02","2026-07","JavaBusiness","Java","src/main/java/com/southstand/follow/package-info.java","1","0","1"
"Backend","960ca2a","2026-07-02","2026-07","JavaBusiness","Java","src/main/java/com/southstand/football/package-info.java","1","0","1"
"Backend","960ca2a","2026-07-02","2026-07","JavaBusiness","Java","src/main/java/com/southstand/infrastructure/client/package-info.java","1","0","1"
"Backend","960ca2a","2026-07-02","2026-07","JavaBusiness","Java","src/main/java/com/southstand/infrastructure/file/package-info.java","1","0","1"
"Backend","960ca2a","2026-07-02","2026-07","JavaBusiness","Java","src/main/java/com/southstand/interaction/package-info.java","1","0","1"
"Backend","960ca2a","2026-07-02","2026-07","JavaBusiness","Java","src/main/java/com/southstand/onboarding/package-info.java","1","0","1"
"Backend","960ca2a","2026-07-02","2026-07","JavaBusiness","Java","src/main/java/com/southstand/recommend/package-info.java","1","0","1"
"Backend","960ca2a","2026-07-02","2026-07","JavaBusiness","Java","src/main/java/com/southstand/SouthStandApplication.java","21","0","21"
"Backend","960ca2a","2026-07-02","2026-07","JavaBusiness","Java","src/main/java/com/southstand/user/package-info.java","1","0","1"
"Backend","960ca2a","2026-07-02","2026-07","Configuration","YAML","src/main/resources/application.yml","14","0","14"
"Backend","960ca2a","2026-07-02","2026-07","Configuration","YAML","src/main/resources/application-dev.yml","11","0","11"
"Backend","960ca2a","2026-07-02","2026-07","Configuration","YAML","src/main/resources/application-prod.template.yml","25","0","25"
"Backend","960ca2a","2026-07-02","2026-07","Configuration","YAML","src/main/resources/application-template.yml","13","0","13"
"Backend","960ca2a","2026-07-02","2026-07","JavaTest","Java","src/test/java/com/southstand/SouthStandApplicationTests.java","12","0","12"
"Backend","3c84c29","2026-07-03","2026-07","Documentation","Markdown","docs/06_API_SPEC.md","39","0","39"
"Backend","3c84c29","2026-07-03","2026-07","Documentation","Markdown","docs/07_AUTH_SECURITY.md","19","0","19"
"Backend","3c84c29","2026-07-03","2026-07","Documentation","Markdown","docs/11_VALIDATION_AND_SMOKE_GUIDE.md","28","2","26"
"Backend","3c84c29","2026-07-03","2026-07","Documentation","Markdown","docs/12_CODEX_TASK_PLAN.md","31","0","31"
"Backend","3c84c29","2026-07-03","2026-07","Documentation","Markdown","README.md","25","0","25"
"Backend","3c84c29","2026-07-03","2026-07","SqlMapper","SQL","scripts/sql/seed.sql","18","6","12"
"Backend","3c84c29","2026-07-03","2026-07","Script","PowerShell","scripts/windows/check-t08.ps1","185","0","185"
"Backend","3c84c29","2026-07-03","2026-07","Script","PowerShell","scripts/windows/smoke-user-admin.ps1","218","0","218"
"Backend","3c84c29","2026-07-03","2026-07","JavaBusiness","Java","src/main/java/com/southstand/admin/controller/AdminContentController.java","43","0","43"
"Backend","3c84c29","2026-07-03","2026-07","JavaBusiness","Java","src/main/java/com/southstand/admin/controller/AdminDashboardController.java","24","0","24"
"Backend","3c84c29","2026-07-03","2026-07","JavaBusiness","Java","src/main/java/com/southstand/admin/controller/AdminUserController.java","42","0","42"
"Backend","3c84c29","2026-07-03","2026-07","JavaBusiness","Java","src/main/java/com/southstand/admin/dto/AdminContentStatusRequest.java","23","0","23"
"Backend","3c84c29","2026-07-03","2026-07","JavaBusiness","Java","src/main/java/com/southstand/admin/dto/AdminUserStatusRequest.java","23","0","23"
"Backend","3c84c29","2026-07-03","2026-07","JavaBusiness","Java","src/main/java/com/southstand/admin/entity/AdminOperationLog.java","52","0","52"
"Backend","3c84c29","2026-07-03","2026-07","JavaBusiness","Java","src/main/java/com/southstand/admin/mapper/AdminOperationLogMapper.java","9","0","9"
"Backend","3c84c29","2026-07-03","2026-07","JavaBusiness","Java","src/main/java/com/southstand/admin/service/AdminService.java","322","0","322"
"Backend","3c84c29","2026-07-03","2026-07","JavaBusiness","Java","src/main/java/com/southstand/admin/vo/AdminContentVO.java","44","0","44"
"Backend","3c84c29","2026-07-03","2026-07","JavaBusiness","Java","src/main/java/com/southstand/admin/vo/AdminDashboardSummaryVO.java","36","0","36"
"Backend","3c84c29","2026-07-03","2026-07","JavaBusiness","Java","src/main/java/com/southstand/admin/vo/AdminStatusUpdateVO.java","20","0","20"
"Backend","3c84c29","2026-07-03","2026-07","JavaBusiness","Java","src/main/java/com/southstand/admin/vo/AdminUserVO.java","44","0","44"
"Backend","3c84c29","2026-07-03","2026-07","JavaBusiness","Java","src/main/java/com/southstand/user/controller/UserProfileController.java","44","0","44"
"Backend","3c84c29","2026-07-03","2026-07","JavaBusiness","Java","src/main/java/com/southstand/user/dto/UpdateMyProfileRequest.java","41","0","41"
"Backend","3c84c29","2026-07-03","2026-07","JavaBusiness","Java","src/main/java/com/southstand/user/service/UserProfileService.java","296","6","290"
"Backend","3c84c29","2026-07-03","2026-07","JavaBusiness","Java","src/main/java/com/southstand/user/vo/MyCommentVO.java","35","0","35"
"Backend","3c84c29","2026-07-03","2026-07","JavaBusiness","Java","src/main/java/com/southstand/user/vo/MyContentVO.java","41","0","41"
"Backend","3c84c29","2026-07-03","2026-07","JavaBusiness","Java","src/main/java/com/southstand/user/vo/MyFavoriteVO.java","38","0","38"
"Backend","3c84c29","2026-07-03","2026-07","JavaBusiness","Java","src/main/java/com/southstand/user/vo/MyProfileUpdateVO.java","21","0","21"
"Backend","3c84c29","2026-07-03","2026-07","JavaBusiness","Java","src/main/java/com/southstand/user/vo/MyStatsVO.java","68","0","68"
"Backend","3c84c29","2026-07-03","2026-07","JavaBusiness","Java","src/main/java/com/southstand/user/vo/UserSummaryVO.java","47","0","47"
"Backend","3c84c29","2026-07-03","2026-07","JavaTest","Java","src/test/java/com/southstand/admin/AdminServiceTests.java","78","0","78"
"Backend","3c84c29","2026-07-03","2026-07","JavaTest","Java","src/test/java/com/southstand/user/UserProfileServiceTests.java","7","1","6"
"Backend","8c62770","2026-07-03","2026-07","Documentation","Markdown","docs/06_API_SPEC.md","41","0","41"
"Backend","8c62770","2026-07-03","2026-07","Documentation","Markdown","docs/11_VALIDATION_AND_SMOKE_GUIDE.md","25","0","25"
"Backend","8c62770","2026-07-03","2026-07","Documentation","Markdown","docs/12_CODEX_TASK_PLAN.md","27","0","27"
"Backend","8c62770","2026-07-03","2026-07","Documentation","Markdown","README.md","17","0","17"
"Backend","8c62770","2026-07-03","2026-07","SqlMapper","SQL","scripts/sql/seed.sql","2","1","1"
"Backend","8c62770","2026-07-03","2026-07","Script","PowerShell","scripts/windows/check-t07.ps1","180","0","180"
"Backend","8c62770","2026-07-03","2026-07","Script","PowerShell","scripts/windows/smoke-feed.ps1","139","0","139"
"Backend","8c62770","2026-07-03","2026-07","JavaBusiness","Java","src/main/java/com/southstand/card/controller/FeedController.java","39","0","39"
"Backend","8c62770","2026-07-03","2026-07","JavaBusiness","Java","src/main/java/com/southstand/card/service/FeedService.java","601","0","601"
"Backend","8c62770","2026-07-03","2026-07","JavaBusiness","Java","src/main/java/com/southstand/card/vo/FeedCardVO.java","95","0","95"
"Backend","8c62770","2026-07-03","2026-07","JavaBusiness","Java","src/main/java/com/southstand/card/vo/FeedPageResult.java","37","0","37"
"Backend","8c62770","2026-07-03","2026-07","JavaBusiness","Java","src/main/java/com/southstand/card/vo/HotLeagueVO.java","27","0","27"
"Backend","8c62770","2026-07-03","2026-07","JavaBusiness","Java","src/main/java/com/southstand/card/vo/RelationTagVO.java","18","0","18"
"Backend","8c62770","2026-07-03","2026-07","JavaBusiness","Java","src/main/java/com/southstand/common/config/SecurityConfig.java","1","0","1"
"Backend","8c62770","2026-07-03","2026-07","JavaTest","Java","src/test/java/com/southstand/card/FeedServiceTests.java","253","0","253"
"Backend","cb7e531","2026-07-03","2026-07","Documentation","Markdown","docs/06_API_SPEC.md","36","0","36"
"Backend","cb7e531","2026-07-03","2026-07","Documentation","Markdown","docs/11_VALIDATION_AND_SMOKE_GUIDE.md","24","0","24"
"Backend","cb7e531","2026-07-03","2026-07","Documentation","Markdown","docs/12_CODEX_TASK_PLAN.md","30","0","30"
"Backend","cb7e531","2026-07-03","2026-07","Documentation","Markdown","README.md","22","0","22"
"Backend","cb7e531","2026-07-03","2026-07","SqlMapper","SQL","scripts/sql/seed.sql","26","11","15"
"Backend","cb7e531","2026-07-03","2026-07","Script","PowerShell","scripts/windows/check-t06.ps1","180","0","180"
"Backend","cb7e531","2026-07-03","2026-07","Script","PowerShell","scripts/windows/smoke-football.ps1","144","0","144"
"Backend","cb7e531","2026-07-03","2026-07","JavaBusiness","Java","src/main/java/com/southstand/common/config/SecurityConfig.java","9","0","9"
"Backend","cb7e531","2026-07-03","2026-07","JavaBusiness","Java","src/main/java/com/southstand/football/event/entity/MatchEvent.java","51","0","51"
"Backend","cb7e531","2026-07-03","2026-07","JavaBusiness","Java","src/main/java/com/southstand/football/event/mapper/MatchEventMapper.java","9","0","9"
"Backend","cb7e531","2026-07-03","2026-07","JavaBusiness","Java","src/main/java/com/southstand/football/event/vo/MatchEventVO.java","45","0","45"
"Backend","cb7e531","2026-07-03","2026-07","JavaBusiness","Java","src/main/java/com/southstand/football/league/controller/LeagueController.java","25","0","25"
"Backend","cb7e531","2026-07-03","2026-07","JavaBusiness","Java","src/main/java/com/southstand/football/league/entity/FootballLeague.java","42","0","42"
"Backend","cb7e531","2026-07-03","2026-07","JavaBusiness","Java","src/main/java/com/southstand/football/league/mapper/FootballLeagueMapper.java","9","0","9"
"Backend","cb7e531","2026-07-03","2026-07","JavaBusiness","Java","src/main/java/com/southstand/football/league/vo/LeagueVO.java","27","0","27"
"Backend","cb7e531","2026-07-03","2026-07","JavaBusiness","Java","src/main/java/com/southstand/football/match/controller/FootballMatchController.java","60","0","60"
"Backend","cb7e531","2026-07-03","2026-07","JavaBusiness","Java","src/main/java/com/southstand/football/match/entity/MatchInfo.java","58","0","58"
"Backend","cb7e531","2026-07-03","2026-07","JavaBusiness","Java","src/main/java/com/southstand/football/match/mapper/MatchInfoMapper.java","9","0","9"
"Backend","cb7e531","2026-07-03","2026-07","JavaBusiness","Java","src/main/java/com/southstand/football/match/vo/MatchDetailVO.java","47","0","47"
"Backend","cb7e531","2026-07-03","2026-07","JavaBusiness","Java","src/main/java/com/southstand/football/match/vo/MatchListVO.java","38","0","38"
"Backend","cb7e531","2026-07-03","2026-07","JavaBusiness","Java","src/main/java/com/southstand/football/match/vo/MatchTeamVO.java","18","0","18"
"Backend","cb7e531","2026-07-03","2026-07","JavaBusiness","Java","src/main/java/com/southstand/football/player/controller/FootballPlayerController.java","25","0","25"
"Backend","cb7e531","2026-07-03","2026-07","JavaBusiness","Java","src/main/java/com/southstand/football/player/vo/PlayerDetailVO.java","42","0","42"
"Backend","cb7e531","2026-07-03","2026-07","JavaBusiness","Java","src/main/java/com/southstand/football/player/vo/PlayerTeamVO.java","21","0","21"
"Backend","cb7e531","2026-07-03","2026-07","JavaBusiness","Java","src/main/java/com/southstand/football/report/entity/MatchReport.java","30","0","30"
"Backend","cb7e531","2026-07-03","2026-07","JavaBusiness","Java","src/main/java/com/southstand/football/report/mapper/MatchReportMapper.java","9","0","9"
"Backend","cb7e531","2026-07-03","2026-07","JavaBusiness","Java","src/main/java/com/southstand/football/report/vo/MatchReportVO.java","15","0","15"
"Backend","cb7e531","2026-07-03","2026-07","JavaBusiness","Java","src/main/java/com/southstand/football/schedule/service/FootballQueryService.java","458","0","458"
"Backend","cb7e531","2026-07-03","2026-07","JavaBusiness","Java","src/main/java/com/southstand/football/team/controller/FootballTeamController.java","25","0","25"
"Backend","cb7e531","2026-07-03","2026-07","JavaBusiness","Java","src/main/java/com/southstand/football/team/entity/FootballTeam.java","27","0","27"
"Backend","cb7e531","2026-07-03","2026-07","JavaBusiness","Java","src/main/java/com/southstand/football/team/vo/TeamDetailVO.java","54","0","54"
"Backend","cb7e531","2026-07-03","2026-07","JavaTest","Java","src/test/java/com/southstand/football/FootballQueryServiceTests.java","259","0","259"
"Backend","e2e1631","2026-07-03","2026-07","Documentation","Markdown","docs/06_API_SPEC.md","24","0","24"
"Backend","e2e1631","2026-07-03","2026-07","Documentation","Markdown","docs/07_AUTH_SECURITY.md","14","0","14"
"Backend","e2e1631","2026-07-03","2026-07","Documentation","Markdown","docs/11_VALIDATION_AND_SMOKE_GUIDE.md","22","0","22"
"Backend","e2e1631","2026-07-03","2026-07","Documentation","Markdown","docs/12_CODEX_TASK_PLAN.md","25","0","25"
"Backend","e2e1631","2026-07-03","2026-07","Documentation","Markdown","README.md","20","0","20"
"Backend","e2e1631","2026-07-03","2026-07","SqlMapper","SQL","scripts/sql/seed.sql","47","38","9"
"Backend","e2e1631","2026-07-03","2026-07","Script","PowerShell","scripts/windows/check-t05.ps1","178","0","178"
"Backend","e2e1631","2026-07-03","2026-07","Script","PowerShell","scripts/windows/smoke-content.ps1","204","0","204"
"Backend","e2e1631","2026-07-03","2026-07","JavaBusiness","Java","src/main/java/com/southstand/common/config/SecurityConfig.java","1","0","1"
"Backend","e2e1631","2026-07-03","2026-07","JavaBusiness","Java","src/main/java/com/southstand/content/controller/ContentController.java","35","0","35"
"Backend","e2e1631","2026-07-03","2026-07","JavaBusiness","Java","src/main/java/com/southstand/content/dto/ContentRelationRequest.java","18","0","18"
"Backend","e2e1631","2026-07-03","2026-07","JavaBusiness","Java","src/main/java/com/southstand/content/dto/CreatePostRequest.java","32","0","32"
"Backend","e2e1631","2026-07-03","2026-07","JavaBusiness","Java","src/main/java/com/southstand/content/entity/Content.java","86","0","86"
"Backend","e2e1631","2026-07-03","2026-07","JavaBusiness","Java","src/main/java/com/southstand/content/entity/ContentMedia.java","49","0","49"
"Backend","e2e1631","2026-07-03","2026-07","JavaBusiness","Java","src/main/java/com/southstand/content/entity/ContentRelation.java","44","0","44"
"Backend","e2e1631","2026-07-03","2026-07","JavaBusiness","Java","src/main/java/com/southstand/content/mapper/ContentMapper.java","9","0","9"
"Backend","e2e1631","2026-07-03","2026-07","JavaBusiness","Java","src/main/java/com/southstand/content/mapper/ContentMediaMapper.java","9","0","9"
"Backend","e2e1631","2026-07-03","2026-07","JavaBusiness","Java","src/main/java/com/southstand/content/mapper/ContentRelationMapper.java","9","0","9"
"Backend","e2e1631","2026-07-03","2026-07","JavaBusiness","Java","src/main/java/com/southstand/content/service/ContentService.java","364","0","364"
"Backend","e2e1631","2026-07-03","2026-07","JavaBusiness","Java","src/main/java/com/southstand/content/vo/AuthorVO.java","17","0","17"
"Backend","e2e1631","2026-07-03","2026-07","JavaBusiness","Java","src/main/java/com/southstand/content/vo/ContentDetailVO.java","62","0","62"
"Backend","e2e1631","2026-07-03","2026-07","JavaBusiness","Java","src/main/java/com/southstand/content/vo/CreatePostResponse.java","19","0","19"
"Backend","e2e1631","2026-07-03","2026-07","JavaBusiness","Java","src/main/java/com/southstand/content/vo/MediaVO.java","23","0","23"
"Backend","e2e1631","2026-07-03","2026-07","JavaBusiness","Java","src/main/java/com/southstand/content/vo/RelationVO.java","14","0","14"
"Backend","e2e1631","2026-07-03","2026-07","JavaBusiness","Java","src/main/java/com/southstand/interaction/controller/CommentController.java","41","0","41"
"Backend","e2e1631","2026-07-03","2026-07","JavaBusiness","Java","src/main/java/com/southstand/interaction/controller/FavoriteController.java","27","0","27"
"Backend","e2e1631","2026-07-03","2026-07","JavaBusiness","Java","src/main/java/com/southstand/interaction/controller/LikeController.java","27","0","27"
"Backend","e2e1631","2026-07-03","2026-07","JavaBusiness","Java","src/main/java/com/southstand/interaction/dto/CreateCommentRequest.java","29","0","29"
"Backend","e2e1631","2026-07-03","2026-07","JavaBusiness","Java","src/main/java/com/southstand/interaction/dto/ToggleFavoriteRequest.java","18","0","18"
"Backend","e2e1631","2026-07-03","2026-07","JavaBusiness","Java","src/main/java/com/southstand/interaction/dto/ToggleLikeRequest.java","18","0","18"
"Backend","e2e1631","2026-07-03","2026-07","JavaBusiness","Java","src/main/java/com/southstand/interaction/entity/Comment.java","59","0","59"
"Backend","e2e1631","2026-07-03","2026-07","JavaBusiness","Java","src/main/java/com/southstand/interaction/entity/FavoriteRecord.java","34","0","34"
"Backend","e2e1631","2026-07-03","2026-07","JavaBusiness","Java","src/main/java/com/southstand/interaction/entity/LikeRecord.java","34","0","34"
"Backend","e2e1631","2026-07-03","2026-07","JavaBusiness","Java","src/main/java/com/southstand/interaction/mapper/CommentMapper.java","9","0","9"
"Backend","e2e1631","2026-07-03","2026-07","JavaBusiness","Java","src/main/java/com/southstand/interaction/mapper/FavoriteRecordMapper.java","9","0","9"
"Backend","e2e1631","2026-07-03","2026-07","JavaBusiness","Java","src/main/java/com/southstand/interaction/mapper/LikeRecordMapper.java","9","0","9"
"Backend","e2e1631","2026-07-03","2026-07","JavaBusiness","Java","src/main/java/com/southstand/interaction/service/CommentService.java","218","0","218"
"Backend","e2e1631","2026-07-03","2026-07","JavaBusiness","Java","src/main/java/com/southstand/interaction/service/InteractionService.java","183","0","183"
"Backend","e2e1631","2026-07-03","2026-07","JavaBusiness","Java","src/main/java/com/southstand/interaction/vo/CommentVO.java","46","0","46"
"Backend","e2e1631","2026-07-03","2026-07","JavaBusiness","Java","src/main/java/com/southstand/interaction/vo/CreateCommentResponse.java","16","0","16"
"Backend","e2e1631","2026-07-03","2026-07","JavaBusiness","Java","src/main/java/com/southstand/interaction/vo/ToggleFavoriteResponse.java","14","0","14"
"Backend","e2e1631","2026-07-03","2026-07","JavaBusiness","Java","src/main/java/com/southstand/interaction/vo/ToggleLikeResponse.java","14","0","14"
"Backend","e2e1631","2026-07-03","2026-07","JavaTest","Java","src/test/java/com/southstand/content/ContentServiceTests.java","83","0","83"
"Backend","e2e1631","2026-07-03","2026-07","JavaTest","Java","src/test/java/com/southstand/interaction/CommentServiceTests.java","95","0","95"
"Backend","e2e1631","2026-07-03","2026-07","JavaTest","Java","src/test/java/com/southstand/interaction/InteractionServiceTests.java","110","0","110"
"Backend","567ddb9","2026-07-04","2026-07","Documentation","Markdown","docs/05_DATABASE_SCHEMA.md","23","0","23"
"Backend","567ddb9","2026-07-04","2026-07","Documentation","Markdown","docs/06_API_SPEC.md","23","0","23"
"Backend","567ddb9","2026-07-04","2026-07","Documentation","Markdown","docs/07_AUTH_SECURITY.md","30","0","30"
"Backend","567ddb9","2026-07-04","2026-07","Documentation","Markdown","docs/11_VALIDATION_AND_SMOKE_GUIDE.md","26","0","26"
"Backend","567ddb9","2026-07-04","2026-07","Documentation","Markdown","docs/12_CODEX_TASK_PLAN.md","27","0","27"
"Backend","567ddb9","2026-07-04","2026-07","Documentation","Markdown","README.md","24","0","24"
"Backend","567ddb9","2026-07-04","2026-07","Script","PowerShell","scripts/windows/check-t11.ps1","194","0","194"
"Backend","567ddb9","2026-07-04","2026-07","Script","PowerShell","scripts/windows/smoke-user-social.ps1","171","0","171"
"Backend","567ddb9","2026-07-04","2026-07","JavaBusiness","Java","src/main/java/com/southstand/card/service/FeedService.java","24","1","23"
"Backend","567ddb9","2026-07-04","2026-07","JavaBusiness","Java","src/main/java/com/southstand/common/config/SecurityConfig.java","7","0","7"
"Backend","567ddb9","2026-07-04","2026-07","JavaBusiness","Java","src/main/java/com/southstand/follow/entity/FollowRecord.java","19","0","19"
"Backend","567ddb9","2026-07-04","2026-07","JavaBusiness","Java","src/main/java/com/southstand/user/controller/UserProfileController.java","14","1","13"
"Backend","567ddb9","2026-07-04","2026-07","JavaBusiness","Java","src/main/java/com/southstand/user/controller/UserSocialController.java","86","0","86"
"Backend","567ddb9","2026-07-04","2026-07","JavaBusiness","Java","src/main/java/com/southstand/user/service/UserSocialService.java","448","0","448"
"Backend","567ddb9","2026-07-04","2026-07","JavaBusiness","Java","src/main/java/com/southstand/user/vo/UserFollowActionVO.java","21","0","21"
"Backend","567ddb9","2026-07-04","2026-07","JavaBusiness","Java","src/main/java/com/southstand/user/vo/UserFollowItemVO.java","29","0","29"
"Backend","567ddb9","2026-07-04","2026-07","JavaBusiness","Java","src/main/java/com/southstand/user/vo/UserPublicProfileVO.java","42","0","42"
"Backend","567ddb9","2026-07-04","2026-07","JavaBusiness","Java","src/main/java/com/southstand/user/vo/UserRelationStatus.java","9","0","9"
"Backend","567ddb9","2026-07-04","2026-07","JavaBusiness","Java","src/main/java/com/southstand/user/vo/UserStandVO.java","44","0","44"
"Backend","98ca87f","2026-07-04","2026-07","Documentation","Markdown","docs/05_DATABASE_SCHEMA.md","21","0","21"
"Backend","98ca87f","2026-07-04","2026-07","Documentation","Markdown","docs/06_API_SPEC.md","55","0","55"
"Backend","98ca87f","2026-07-04","2026-07","Documentation","Markdown","docs/07_AUTH_SECURITY.md","27","0","27"
"Backend","98ca87f","2026-07-04","2026-07","Documentation","Markdown","docs/11_VALIDATION_AND_SMOKE_GUIDE.md","27","0","27"
"Backend","98ca87f","2026-07-04","2026-07","Documentation","Markdown","docs/12_CODEX_TASK_PLAN.md","27","0","27"
"Backend","98ca87f","2026-07-04","2026-07","Documentation","Markdown","README.md","22","0","22"
"Backend","98ca87f","2026-07-04","2026-07","SqlMapper","SQL","scripts/sql/schema.sql","3","0","3"
"Backend","98ca87f","2026-07-04","2026-07","SqlMapper","SQL","scripts/sql/seed.sql","5","5","0"
"Backend","98ca87f","2026-07-04","2026-07","Script","PowerShell","scripts/windows/check-t12.ps1","198","0","198"
"Backend","98ca87f","2026-07-04","2026-07","Script","PowerShell","scripts/windows/smoke-comment-hot.ps1","164","0","164"
"Backend","98ca87f","2026-07-04","2026-07","JavaBusiness","Java","src/main/java/com/southstand/card/service/FeedService.java","41","1","40"
"Backend","98ca87f","2026-07-04","2026-07","JavaBusiness","Java","src/main/java/com/southstand/card/vo/FeedCardVO.java","4","0","4"
"Backend","98ca87f","2026-07-04","2026-07","JavaBusiness","Java","src/main/java/com/southstand/common/config/SecurityConfig.java","1","1","0"
"Backend","98ca87f","2026-07-04","2026-07","JavaBusiness","Java","src/main/java/com/southstand/interaction/controller/CommentController.java","37","3","34"
"Backend","98ca87f","2026-07-04","2026-07","JavaBusiness","Java","src/main/java/com/southstand/interaction/dto/CreateCommentRequest.java","12","5","7"
"Backend","98ca87f","2026-07-04","2026-07","JavaBusiness","Java","src/main/java/com/southstand/interaction/entity/Comment.java","6","0","6"
"Backend","98ca87f","2026-07-04","2026-07","JavaBusiness","Java","src/main/java/com/southstand/interaction/service/CommentService.java","242","30","212"
"Backend","98ca87f","2026-07-04","2026-07","JavaBusiness","Java","src/main/java/com/southstand/interaction/vo/CommentLikeToggleVO.java","15","0","15"
"Backend","98ca87f","2026-07-04","2026-07","JavaBusiness","Java","src/main/java/com/southstand/interaction/vo/CommentVO.java","9","0","9"
"Backend","98ca87f","2026-07-04","2026-07","JavaBusiness","Java","src/main/java/com/southstand/interaction/vo/HotCommentVO.java","35","0","35"
"Backend","98ca87f","2026-07-04","2026-07","JavaBusiness","Java","src/main/java/com/southstand/user/service/UserProfileService.java","16","0","16"
"Backend","98ca87f","2026-07-04","2026-07","JavaBusiness","Java","src/main/java/com/southstand/user/vo/MyCommentVO.java","12","0","12"
"Backend","98ca87f","2026-07-04","2026-07","JavaTest","Java","src/test/java/com/southstand/card/FeedServiceTests.java","2","1","1"
"Backend","98ca87f","2026-07-04","2026-07","JavaTest","Java","src/test/java/com/southstand/interaction/CommentServiceTests.java","5","2","3"
"Backend","b18b413","2026-07-04","2026-07","Documentation","Markdown","docs/05_DATABASE_SCHEMA.md","42","0","42"
"Backend","b18b413","2026-07-04","2026-07","Documentation","Markdown","docs/06_API_SPEC.md","40","0","40"
"Backend","b18b413","2026-07-04","2026-07","Documentation","Markdown","docs/07_AUTH_SECURITY.md","32","0","32"
"Backend","b18b413","2026-07-04","2026-07","Documentation","Markdown","docs/11_VALIDATION_AND_SMOKE_GUIDE.md","24","0","24"
"Backend","b18b413","2026-07-04","2026-07","Documentation","Markdown","docs/12_CODEX_TASK_PLAN.md","29","0","29"
"Backend","b18b413","2026-07-04","2026-07","Documentation","Markdown","README.md","17","0","17"
"Backend","b18b413","2026-07-04","2026-07","SqlMapper","SQL","scripts/sql/schema.sql","24","0","24"
"Backend","b18b413","2026-07-04","2026-07","Script","PowerShell","scripts/windows/check-t09.ps1","184","0","184"
"Backend","b18b413","2026-07-04","2026-07","Script","PowerShell","scripts/windows/smoke-file-upload.ps1","134","0","134"
"Backend","b18b413","2026-07-04","2026-07","JavaBusiness","Java","src/main/java/com/southstand/common/config/WebConfig.java","14","4","10"
"Backend","b18b413","2026-07-04","2026-07","JavaBusiness","Java","src/main/java/com/southstand/common/exception/GlobalExceptionHandler.java","12","0","12"
"Backend","b18b413","2026-07-04","2026-07","JavaBusiness","Java","src/main/java/com/southstand/file/config/CorsProperties.java","51","0","51"
"Backend","b18b413","2026-07-04","2026-07","JavaBusiness","Java","src/main/java/com/southstand/file/config/FileProperties.java","60","0","60"
"Backend","b18b413","2026-07-04","2026-07","JavaBusiness","Java","src/main/java/com/southstand/file/config/SecurityHeadersFilter.java","23","0","23"
"Backend","b18b413","2026-07-04","2026-07","JavaBusiness","Java","src/main/java/com/southstand/file/controller/FileController.java","27","0","27"
"Backend","b18b413","2026-07-04","2026-07","JavaBusiness","Java","src/main/java/com/southstand/file/controller/PublicFileController.java","35","0","35"
"Backend","b18b413","2026-07-04","2026-07","JavaBusiness","Java","src/main/java/com/southstand/file/domain/FileBizType.java","22","0","22"
"Backend","b18b413","2026-07-04","2026-07","JavaBusiness","Java","src/main/java/com/southstand/file/domain/FileResourceEntity.java","58","0","58"
"Backend","b18b413","2026-07-04","2026-07","JavaBusiness","Java","src/main/java/com/southstand/file/domain/FileStatus.java","9","0","9"
"Backend","b18b413","2026-07-04","2026-07","JavaBusiness","Java","src/main/java/com/southstand/file/mapper/FileResourceMapper.java","9","0","9"
"Backend","b18b413","2026-07-04","2026-07","JavaBusiness","Java","src/main/java/com/southstand/file/service/FileStorageService.java","121","0","121"
"Backend","b18b413","2026-07-04","2026-07","JavaBusiness","Java","src/main/java/com/southstand/file/service/FileValidationService.java","117","0","117"
"Backend","b18b413","2026-07-04","2026-07","JavaBusiness","Java","src/main/java/com/southstand/file/vo/FileUploadVO.java","27","0","27"
"Backend","b18b413","2026-07-04","2026-07","Configuration","YAML","src/main/resources/application.yml","15","0","15"
"Backend","b18b413","2026-07-04","2026-07","JavaTest","Java","src/test/java/com/southstand/file/FileStorageServiceTests.java","80","0","80"
"Backend","b18b413","2026-07-04","2026-07","JavaTest","Java","src/test/java/com/southstand/file/FileValidationServiceTests.java","75","0","75"
"Backend","f88fd8e","2026-07-04","2026-07","Documentation","Markdown","docs/05_DATABASE_SCHEMA.md","7","0","7"
"Backend","f88fd8e","2026-07-04","2026-07","Documentation","Markdown","docs/06_API_SPEC.md","47","0","47"
"Backend","f88fd8e","2026-07-04","2026-07","Documentation","Markdown","docs/07_AUTH_SECURITY.md","19","0","19"
"Backend","f88fd8e","2026-07-04","2026-07","Documentation","Markdown","docs/11_VALIDATION_AND_SMOKE_GUIDE.md","25","0","25"
"Backend","f88fd8e","2026-07-04","2026-07","Documentation","Markdown","docs/12_CODEX_TASK_PLAN.md","28","0","28"
"Backend","f88fd8e","2026-07-04","2026-07","Documentation","Markdown","README.md","18","0","18"
"Backend","f88fd8e","2026-07-04","2026-07","SqlMapper","SQL","scripts/sql/schema.sql","7","1","6"
"Backend","f88fd8e","2026-07-04","2026-07","Script","PowerShell","scripts/windows/check-t10.ps1","190","0","190"
"Backend","f88fd8e","2026-07-04","2026-07","Script","PowerShell","scripts/windows/smoke-file-upload.ps1","3","0","3"
"Backend","f88fd8e","2026-07-04","2026-07","Script","PowerShell","scripts/windows/smoke-storage-media.ps1","148","0","148"
"Backend","f88fd8e","2026-07-04","2026-07","JavaBusiness","Java","src/main/java/com/southstand/content/dto/CreatePostRequest.java","5","0","5"
"Backend","f88fd8e","2026-07-04","2026-07","JavaBusiness","Java","src/main/java/com/southstand/content/service/ContentService.java","54","31","23"
"Backend","f88fd8e","2026-07-04","2026-07","JavaBusiness","Java","src/main/java/com/southstand/file/config/FileProperties.java","107","5","102"
"Backend","f88fd8e","2026-07-04","2026-07","JavaBusiness","Java","src/main/java/com/southstand/file/controller/FileController.java","7","0","7"
"Backend","f88fd8e","2026-07-04","2026-07","JavaBusiness","Java","src/main/java/com/southstand/file/controller/PublicFileController.java","1","1","0"
"Backend","f88fd8e","2026-07-04","2026-07","JavaBusiness","Java","src/main/java/com/southstand/file/domain/FileResourceEntity.java","15","0","15"
"Backend","f88fd8e","2026-07-04","2026-07","JavaBusiness","Java","src/main/java/com/southstand/file/domain/FileStatus.java","1","0","1"
"Backend","f88fd8e","2026-07-04","2026-07","JavaBusiness","Java","src/main/java/com/southstand/file/domain/StorageType.java","22","0","22"
"Backend","f88fd8e","2026-07-04","2026-07","JavaBusiness","Java","src/main/java/com/southstand/file/dto/BindAvatarRequest.java","14","0","14"
"Backend","f88fd8e","2026-07-04","2026-07","JavaBusiness","Java","src/main/java/com/southstand/file/service/AliyunOssStorageService.java","13","0","13"
"Backend","f88fd8e","2026-07-04","2026-07","JavaBusiness","Java","src/main/java/com/southstand/file/service/FileBindingService.java","85","0","85"
"Backend","f88fd8e","2026-07-04","2026-07","JavaBusiness","Java","src/main/java/com/southstand/file/service/FileLoadResult.java","6","0","6"
"Backend","f88fd8e","2026-07-04","2026-07","JavaBusiness","Java","src/main/java/com/southstand/file/service/FileStorageService.java","48","45","3"
"Backend","f88fd8e","2026-07-04","2026-07","JavaBusiness","Java","src/main/java/com/southstand/file/service/LocalStorageService.java","91","0","91"
"Backend","f88fd8e","2026-07-04","2026-07","JavaBusiness","Java","src/main/java/com/southstand/file/service/MinioStorageService.java","13","0","13"
"Backend","f88fd8e","2026-07-04","2026-07","JavaBusiness","Java","src/main/java/com/southstand/file/service/QiniuKodoStorageService.java","13","0","13"
"Backend","f88fd8e","2026-07-04","2026-07","JavaBusiness","Java","src/main/java/com/southstand/file/service/StorageService.java","15","0","15"
"Backend","f88fd8e","2026-07-04","2026-07","JavaBusiness","Java","src/main/java/com/southstand/file/service/StorageServiceResolver.java","41","0","41"
"Backend","f88fd8e","2026-07-04","2026-07","JavaBusiness","Java","src/main/java/com/southstand/file/service/StoredFile.java","19","0","19"
"Backend","f88fd8e","2026-07-04","2026-07","JavaBusiness","Java","src/main/java/com/southstand/file/service/StoreFileCommand.java","12","0","12"
"Backend","f88fd8e","2026-07-04","2026-07","JavaBusiness","Java","src/main/java/com/southstand/file/service/UnsupportedStorageService.java","28","0","28"
"Backend","f88fd8e","2026-07-04","2026-07","JavaBusiness","Java","src/main/java/com/southstand/file/vo/BindAvatarVO.java","14","0","14"
"Backend","f88fd8e","2026-07-04","2026-07","JavaBusiness","Java","src/main/java/com/southstand/file/vo/FileUploadVO.java","6","0","6"
"Backend","f88fd8e","2026-07-04","2026-07","JavaBusiness","Java","src/main/java/com/southstand/user/controller/UserProfileController.java","12","1","11"
"Backend","f88fd8e","2026-07-04","2026-07","Configuration","YAML","src/main/resources/application.yml","20","1","19"
"Backend","f88fd8e","2026-07-04","2026-07","JavaTest","Java","src/test/java/com/southstand/content/ContentServiceTests.java","5","1","4"
"Backend","f88fd8e","2026-07-04","2026-07","JavaTest","Java","src/test/java/com/southstand/file/FileStorageServiceTests.java","8","2","6"
"Backend","f88fd8e","2026-07-04","2026-07","JavaTest","Java","src/test/java/com/southstand/file/LocalStorageServiceTests.java","58","0","58"
"Backend","f88fd8e","2026-07-04","2026-07","JavaTest","Java","src/test/java/com/southstand/file/StorageServiceResolverTests.java","68","0","68"
"Frontend","dd1c3a5","2026-07-16","2026-07","Configuration","EDITORCONFIG",".editorconfig","18","0","18"
"Frontend","dd1c3a5","2026-07-16","2026-07","Configuration","GITIGNORE",".gitignore","44","0","44"
"Frontend","dd1c3a5","2026-07-16","2026-07","Configuration","GITKEEP","apps/admin/.gitkeep","1","0","1"
"Frontend","dd1c3a5","2026-07-16","2026-07","Documentation","Markdown","apps/admin/README.md","3","0","3"
"Frontend","dd1c3a5","2026-07-16","2026-07","Configuration","GITKEEP","apps/mobile/.gitkeep","1","0","1"
"Frontend","dd1c3a5","2026-07-16","2026-07","Documentation","Markdown","apps/mobile/README.md","3","0","3"
"Frontend","dd1c3a5","2026-07-16","2026-07","Documentation","Markdown","docs/00_DOCUMENT_MAP.md","50","0","50"
"Frontend","dd1c3a5","2026-07-16","2026-07","Documentation","Markdown","docs/01_PROJECT_OVERVIEW.md","36","0","36"
"Frontend","dd1c3a5","2026-07-16","2026-07","Documentation","Markdown","docs/02_REQUIREMENT_SCOPE.md","44","0","44"
"Frontend","dd1c3a5","2026-07-16","2026-07","Documentation","Markdown","docs/03_TECH_STACK.md","37","0","37"
"Frontend","dd1c3a5","2026-07-16","2026-07","Documentation","Markdown","docs/04_FRONTEND_ARCHITECTURE.md","115","0","115"
"Frontend","dd1c3a5","2026-07-16","2026-07","Documentation","Markdown","docs/05_API_INTEGRATION.md","45","0","45"
"Frontend","dd1c3a5","2026-07-16","2026-07","Documentation","Markdown","docs/06_UI_INTERACTION_SPEC.md","24","0","24"
"Frontend","dd1c3a5","2026-07-16","2026-07","Documentation","Markdown","docs/07_AUTH_ROUTING_SECURITY.md","27","0","27"
"Frontend","dd1c3a5","2026-07-16","2026-07","Documentation","Markdown","docs/08_BUILD_DEPLOYMENT_GUIDE.md","24","0","24"
"Frontend","dd1c3a5","2026-07-16","2026-07","Documentation","Markdown","docs/09_AI_CODING_RULES.md","40","0","40"
"Frontend","dd1c3a5","2026-07-16","2026-07","Documentation","Markdown","docs/10_VALIDATION_AND_SMOKE_GUIDE.md","28","0","28"
"Frontend","dd1c3a5","2026-07-16","2026-07","Documentation","Markdown","docs/11_CODEX_TASK_PLAN.md","27","0","27"
"Frontend","dd1c3a5","2026-07-16","2026-07","Documentation","Markdown","docs/references/backend/00_DOCUMENT_MAP.md","144","0","144"
"Frontend","dd1c3a5","2026-07-16","2026-07","Documentation","Markdown","docs/references/backend/01_PROJECT_OVERVIEW.md","149","0","149"
"Frontend","dd1c3a5","2026-07-16","2026-07","Documentation","Markdown","docs/references/backend/02_REQUIREMENT_SCOPE.md","337","0","337"
"Frontend","dd1c3a5","2026-07-16","2026-07","Documentation","Markdown","docs/references/backend/03_TECH_STACK.md","169","0","169"
"Frontend","dd1c3a5","2026-07-16","2026-07","Documentation","Markdown","docs/references/backend/04_BACKEND_ARCHITECTURE.md","374","0","374"
"Frontend","dd1c3a5","2026-07-16","2026-07","Documentation","Markdown","docs/references/backend/05_DATABASE_SCHEMA.md","817","0","817"
"Frontend","dd1c3a5","2026-07-16","2026-07","Documentation","Markdown","docs/references/backend/06_API_SPEC.md","1039","0","1039"
"Frontend","dd1c3a5","2026-07-16","2026-07","Documentation","Markdown","docs/references/backend/07_AUTH_SECURITY.md","496","0","496"
"Frontend","dd1c3a5","2026-07-16","2026-07","Documentation","Markdown","docs/references/backend/08_ALGORITHM_INTEGRATION.md","389","0","389"
"Frontend","dd1c3a5","2026-07-16","2026-07","Documentation","Markdown","docs/references/backend/09_DEPLOYMENT_GUIDE.md","455","0","455"
"Frontend","dd1c3a5","2026-07-16","2026-07","Documentation","Markdown","docs/references/backend/10_AI_CODING_RULES.md","410","0","410"
"Frontend","dd1c3a5","2026-07-16","2026-07","Documentation","Markdown","docs/references/backend/11_VALIDATION_AND_SMOKE_GUIDE.md","917","0","917"
"Frontend","dd1c3a5","2026-07-16","2026-07","Documentation","Markdown","docs/references/backend/12_CODEX_TASK_PLAN.md","1766","0","1766"
"Frontend","dd1c3a5","2026-07-16","2026-07","Documentation","Markdown","docs/references/backend/README.md","5","0","5"
"Frontend","dd1c3a5","2026-07-16","2026-07","Documentation","Markdown","docs/references/BACKEND_API_CHANGELOG.md","6","0","6"
"Frontend","dd1c3a5","2026-07-16","2026-07","Documentation","Markdown","docs/references/BACKEND_DOCUMENT_REFERENCE.md","19","0","19"
"Frontend","dd1c3a5","2026-07-16","2026-07","Documentation","Markdown","docs/references/product/README.md","3","0","3"
"Frontend","dd1c3a5","2026-07-16","2026-07","Configuration","GITKEEP","prompts/archive/.gitkeep","1","0","1"
"Frontend","dd1c3a5","2026-07-16","2026-07","Documentation","Markdown","prompts/README.md","3","0","3"
"Frontend","dd1c3a5","2026-07-16","2026-07","Documentation","Markdown","README.md","18","0","18"
"Frontend","dd1c3a5","2026-07-16","2026-07","Configuration","GITKEEP","reports/.gitkeep","1","0","1"
"Frontend","dd1c3a5","2026-07-16","2026-07","Documentation","Markdown","reports/README.md","3","0","3"
"Frontend","dd1c3a5","2026-07-16","2026-07","Documentation","Markdown","scripts/linux/README.md","3","0","3"
"Frontend","dd1c3a5","2026-07-16","2026-07","Script","PowerShell","scripts/windows/check-repo.ps1","121","0","121"
"Frontend","dd1c3a5","2026-07-16","2026-07","Script","PowerShell","scripts/windows/sync-backend-docs.ps1","81","0","81"
"Frontend","121af3c","2026-07-17","2026-07","FlutterBusiness","Dart","apps/mobile/lib/app/theme/app_theme.dart","81","7","74"
"Frontend","121af3c","2026-07-17","2026-07","FlutterBusiness","Dart","apps/mobile/lib/features/auth/presentation/pages/authenticated_placeholder_page.dart","78","32","46"
"Frontend","121af3c","2026-07-17","2026-07","FlutterBusiness","Dart","apps/mobile/lib/features/auth/presentation/pages/login_page.dart","97","90","7"
"Frontend","121af3c","2026-07-17","2026-07","FlutterBusiness","Dart","apps/mobile/lib/features/auth/presentation/pages/register_page.dart","119","103","16"
"Frontend","121af3c","2026-07-17","2026-07","FlutterBusiness","Dart","apps/mobile/lib/features/onboarding/presentation/pages/onboarding_page.dart","276","153","123"
"Frontend","121af3c","2026-07-17","2026-07","FlutterBusiness","Dart","apps/mobile/lib/shared/design_system/app_colors.dart","17","0","17"
"Frontend","121af3c","2026-07-17","2026-07","FlutterBusiness","Dart","apps/mobile/lib/shared/design_system/app_design_tokens.dart","5","0","5"
"Frontend","121af3c","2026-07-17","2026-07","FlutterBusiness","Dart","apps/mobile/lib/shared/design_system/app_radius.dart","6","0","6"
"Frontend","121af3c","2026-07-17","2026-07","FlutterBusiness","Dart","apps/mobile/lib/shared/design_system/app_shadows.dart","7","0","7"
"Frontend","121af3c","2026-07-17","2026-07","FlutterBusiness","Dart","apps/mobile/lib/shared/design_system/app_spacing.dart","10","0","10"
"Frontend","121af3c","2026-07-17","2026-07","FlutterBusiness","Dart","apps/mobile/lib/shared/design_system/app_typography.dart","24","0","24"
"Frontend","121af3c","2026-07-17","2026-07","FlutterBusiness","Dart","apps/mobile/lib/shared/widgets/app_entity_avatar.dart","77","0","77"
"Frontend","121af3c","2026-07-17","2026-07","FlutterBusiness","Dart","apps/mobile/lib/shared/widgets/app_player_avatar.dart","28","0","28"
"Frontend","121af3c","2026-07-17","2026-07","FlutterBusiness","Dart","apps/mobile/lib/shared/widgets/app_primary_button.dart","31","0","31"
"Frontend","121af3c","2026-07-17","2026-07","FlutterBusiness","Dart","apps/mobile/lib/shared/widgets/app_secondary_button.dart","24","0","24"
"Frontend","121af3c","2026-07-17","2026-07","FlutterBusiness","Dart","apps/mobile/lib/shared/widgets/app_section_header.dart","38","0","38"
"Frontend","121af3c","2026-07-17","2026-07","FlutterBusiness","Dart","apps/mobile/lib/shared/widgets/app_selection_card.dart","64","0","64"
"Frontend","121af3c","2026-07-17","2026-07","FlutterBusiness","Dart","apps/mobile/lib/shared/widgets/app_state_view.dart","60","0","60"
"Frontend","121af3c","2026-07-17","2026-07","FlutterBusiness","Dart","apps/mobile/lib/shared/widgets/app_team_logo.dart","29","0","29"
"Frontend","121af3c","2026-07-17","2026-07","FlutterBusiness","Dart","apps/mobile/lib/shared/widgets/app_text_field.dart","47","0","47"
"Frontend","121af3c","2026-07-17","2026-07","FlutterBusiness","Dart","apps/mobile/lib/shared/widgets/auth_brand_header.dart","72","0","72"
"Frontend","121af3c","2026-07-17","2026-07","Documentation","Markdown","apps/mobile/README.md","6","0","6"
"Frontend","121af3c","2026-07-17","2026-07","FlutterTest","Dart","apps/mobile/test/f03_1_visual_baseline_test.dart","351","0","351"
"Frontend","121af3c","2026-07-17","2026-07","Documentation","Markdown","docs/00_DOCUMENT_MAP.md","3","1","2"
"Frontend","121af3c","2026-07-17","2026-07","Documentation","Markdown","docs/04_FRONTEND_ARCHITECTURE.md","6","2","4"
"Frontend","121af3c","2026-07-17","2026-07","Documentation","Markdown","docs/06_UI_INTERACTION_SPEC.md","4","2","2"
"Frontend","121af3c","2026-07-17","2026-07","Documentation","Markdown","docs/10_VALIDATION_AND_SMOKE_GUIDE.md","13","1","12"
"Frontend","121af3c","2026-07-17","2026-07","Documentation","Markdown","docs/11_CODEX_TASK_PLAN.md","3","2","1"
"Frontend","121af3c","2026-07-17","2026-07","Documentation","Markdown","docs/13_CLIENT_UI_VISUAL_BASELINE.md","103","0","103"
"Frontend","121af3c","2026-07-17","2026-07","Documentation","Markdown","README.md","3","1","2"
"Frontend","121af3c","2026-07-17","2026-07","Documentation","Markdown","reports/F03_1_EXECUTION_REPORT.md","55","0","55"
"Frontend","121af3c","2026-07-17","2026-07","Documentation","Markdown","reports/F03_UI_REVIEW.md","38","0","38"
"Frontend","121af3c","2026-07-17","2026-07","Script","PowerShell","scripts/windows/check-f03-1.ps1","51","0","51"
"Frontend","121af3c","2026-07-17","2026-07","Script","PowerShell","scripts/windows/check-mobile-f03-1.ps1","79","0","79"
"Frontend","3a3261d","2026-07-17","2026-07","Configuration","EXAMPLE","apps/admin/.env.example","2","0","2"
"Frontend","3a3261d","2026-07-17","2026-07","Configuration","TypeScript","apps/admin/env.d.ts","9","0","9"
"Frontend","3a3261d","2026-07-17","2026-07","Configuration","JSON","apps/admin/package.json","2","0","2"
"Frontend","3a3261d","2026-07-17","2026-07","Documentation","Markdown","apps/admin/README.md","7","1","6"
"Frontend","3a3261d","2026-07-17","2026-07","VueTest","TypeScript","apps/admin/src/__tests__/api.spec.ts","193","0","193"
"Frontend","3a3261d","2026-07-17","2026-07","VueTest","TypeScript","apps/admin/src/__tests__/env.spec.ts","30","0","30"
"Frontend","3a3261d","2026-07-17","2026-07","VueBusiness","TypeScript","apps/admin/src/api/client.ts","19","0","19"
"Frontend","3a3261d","2026-07-17","2026-07","VueBusiness","TypeScript","apps/admin/src/api/errors.ts","74","0","74"
"Frontend","3a3261d","2026-07-17","2026-07","VueBusiness","TypeScript","apps/admin/src/api/interceptors.ts","27","0","27"
"Frontend","3a3261d","2026-07-17","2026-07","VueBusiness","TypeScript","apps/admin/src/api/pagination.ts","36","0","36"
"Frontend","3a3261d","2026-07-17","2026-07","VueBusiness","TypeScript","apps/admin/src/api/request.ts","52","0","52"
"Frontend","3a3261d","2026-07-17","2026-07","VueBusiness","TypeScript","apps/admin/src/api/response.ts","53","0","53"
"Frontend","3a3261d","2026-07-17","2026-07","VueBusiness","TypeScript","apps/admin/src/config/env.ts","48","0","48"
"Frontend","3a3261d","2026-07-17","2026-07","VueBusiness","TypeScript","apps/admin/src/config/env.types.ts","11","0","11"
"Frontend","3a3261d","2026-07-17","2026-07","FlutterBusiness","Dart","apps/mobile/lib/app/config/app_config.dart","49","0","49"
"Frontend","3a3261d","2026-07-17","2026-07","FlutterBusiness","Dart","apps/mobile/lib/app/config/app_environment.dart","18","0","18"
"Frontend","3a3261d","2026-07-17","2026-07","FlutterBusiness","Dart","apps/mobile/lib/core/network/api_client.dart","74","0","74"
"Frontend","3a3261d","2026-07-17","2026-07","FlutterBusiness","Dart","apps/mobile/lib/core/network/api_response.dart","63","0","63"
"Frontend","3a3261d","2026-07-17","2026-07","FlutterBusiness","Dart","apps/mobile/lib/core/network/dio_exception_mapper.dart","42","0","42"
"Frontend","3a3261d","2026-07-17","2026-07","FlutterBusiness","Dart","apps/mobile/lib/core/network/network_exceptions.dart","57","0","57"
"Frontend","3a3261d","2026-07-17","2026-07","FlutterBusiness","Dart","apps/mobile/lib/core/network/network_providers.dart","35","0","35"
"Frontend","3a3261d","2026-07-17","2026-07","FlutterBusiness","Dart","apps/mobile/lib/core/network/page_result.dart","49","0","49"
"Frontend","3a3261d","2026-07-17","2026-07","FlutterBusiness","Dart","apps/mobile/lib/core/network/request_interceptors.dart","22","0","22"
"Frontend","3a3261d","2026-07-17","2026-07","Configuration","YAML","apps/mobile/pubspec.yaml","2","0","2"
"Frontend","3a3261d","2026-07-17","2026-07","Documentation","Markdown","apps/mobile/README.md","10","2","8"
"Frontend","3a3261d","2026-07-17","2026-07","FlutterTest","Dart","apps/mobile/test/app/config/app_config_test.dart","38","0","38"
"Frontend","3a3261d","2026-07-17","2026-07","FlutterTest","Dart","apps/mobile/test/core/network/api_client_test.dart","238","0","238"
"Frontend","3a3261d","2026-07-17","2026-07","Documentation","Markdown","docs/03_TECH_STACK.md","8","4","4"
"Frontend","3a3261d","2026-07-17","2026-07","Documentation","Markdown","docs/04_FRONTEND_ARCHITECTURE.md","9","6","3"
"Frontend","3a3261d","2026-07-17","2026-07","Documentation","Markdown","docs/05_API_INTEGRATION.md","17","15","2"
"Frontend","3a3261d","2026-07-17","2026-07","Documentation","Markdown","docs/07_AUTH_ROUTING_SECURITY.md","10","10","0"
"Frontend","3a3261d","2026-07-17","2026-07","Documentation","Markdown","docs/08_BUILD_DEPLOYMENT_GUIDE.md","7","3","4"
"Frontend","3a3261d","2026-07-17","2026-07","Documentation","Markdown","docs/10_VALIDATION_AND_SMOKE_GUIDE.md","14","2","12"
"Frontend","3a3261d","2026-07-17","2026-07","Documentation","Markdown","docs/11_CODEX_TASK_PLAN.md","3","3","0"
"Frontend","3a3261d","2026-07-17","2026-07","Documentation","Markdown","docs/12_LOCAL_DEVELOPMENT_ENVIRONMENT.md","8","4","4"
"Frontend","3a3261d","2026-07-17","2026-07","Documentation","Markdown","README.md","4","4","0"
"Frontend","3a3261d","2026-07-17","2026-07","Documentation","Markdown","reports/F02_EXECUTION_REPORT.md","88","0","88"
"Frontend","3a3261d","2026-07-17","2026-07","Script","PowerShell","scripts/windows/check-admin-f02.ps1","67","0","67"
"Frontend","3a3261d","2026-07-17","2026-07","Script","PowerShell","scripts/windows/check-f02.ps1","22","0","22"
"Frontend","3a3261d","2026-07-17","2026-07","Script","PowerShell","scripts/windows/check-mobile-f02.ps1","76","0","76"
"Frontend","cd36d12","2026-07-17","2026-07","Configuration","XML","apps/mobile/android/app/src/debug/AndroidManifest.xml","2","5","-3"
"Frontend","cd36d12","2026-07-17","2026-07","Configuration","XML","apps/mobile/android/app/src/main/AndroidManifest.xml","6","18","-12"
"Frontend","cd36d12","2026-07-17","2026-07","FlutterBusiness","Dart","apps/mobile/lib/app/app.dart","36","10","26"
"Frontend","cd36d12","2026-07-17","2026-07","FlutterBusiness","Dart","apps/mobile/lib/app/router/app_router.dart","38","7","31"
"Frontend","cd36d12","2026-07-17","2026-07","FlutterBusiness","Dart","apps/mobile/lib/app/router/auth_redirect.dart","15","0","15"
"Frontend","cd36d12","2026-07-17","2026-07","FlutterBusiness","Dart","apps/mobile/lib/app/router/route_names.dart","5","1","4"
"Frontend","cd36d12","2026-07-17","2026-07","FlutterBusiness","Dart","apps/mobile/lib/core/auth/auth_providers.dart","19","0","19"
"Frontend","cd36d12","2026-07-17","2026-07","FlutterBusiness","Dart","apps/mobile/lib/core/auth/secure_token_storage.dart","21","0","21"
"Frontend","cd36d12","2026-07-17","2026-07","FlutterBusiness","Dart","apps/mobile/lib/core/auth/token_storage.dart","26","0","26"
"Frontend","cd36d12","2026-07-17","2026-07","FlutterBusiness","Dart","apps/mobile/lib/core/auth/token_storage_provider.dart","9","0","9"
"Frontend","cd36d12","2026-07-17","2026-07","FlutterBusiness","Dart","apps/mobile/lib/core/network/media_url_resolver.dart","10","0","10"
"Frontend","cd36d12","2026-07-17","2026-07","FlutterBusiness","Dart","apps/mobile/lib/core/network/network_providers.dart","9","4","5"
"Frontend","cd36d12","2026-07-17","2026-07","FlutterBusiness","Dart","apps/mobile/lib/features/auth/data/auth_api.dart","31","0","31"
"Frontend","cd36d12","2026-07-17","2026-07","FlutterBusiness","Dart","apps/mobile/lib/features/auth/data/auth_repository.dart","65","0","65"
"Frontend","cd36d12","2026-07-17","2026-07","FlutterBusiness","Dart","apps/mobile/lib/features/auth/domain/auth_session.dart","31","0","31"
"Frontend","cd36d12","2026-07-17","2026-07","FlutterBusiness","Dart","apps/mobile/lib/features/auth/domain/auth_user.dart","55","0","55"
"Frontend","cd36d12","2026-07-17","2026-07","FlutterBusiness","Dart","apps/mobile/lib/features/auth/presentation/controllers/auth_controller.dart","190","0","190"
"Frontend","cd36d12","2026-07-17","2026-07","FlutterBusiness","Dart","apps/mobile/lib/features/auth/presentation/pages/authenticated_placeholder_page.dart","51","0","51"
"Frontend","cd36d12","2026-07-17","2026-07","FlutterBusiness","Dart","apps/mobile/lib/features/auth/presentation/pages/bootstrap_page.dart","54","0","54"
"Frontend","cd36d12","2026-07-17","2026-07","FlutterBusiness","Dart","apps/mobile/lib/features/auth/presentation/pages/login_page.dart","150","0","150"
"Frontend","cd36d12","2026-07-17","2026-07","FlutterBusiness","Dart","apps/mobile/lib/features/auth/presentation/pages/register_page.dart","165","0","165"
"Frontend","cd36d12","2026-07-17","2026-07","FlutterBusiness","Dart","apps/mobile/lib/features/onboarding/data/onboarding_api.dart","27","0","27"
"Frontend","cd36d12","2026-07-17","2026-07","FlutterBusiness","Dart","apps/mobile/lib/features/onboarding/data/onboarding_repository.dart","32","0","32"
"Frontend","cd36d12","2026-07-17","2026-07","FlutterBusiness","Dart","apps/mobile/lib/features/onboarding/domain/onboarding_models.dart","136","0","136"
"Frontend","cd36d12","2026-07-17","2026-07","FlutterBusiness","Dart","apps/mobile/lib/features/onboarding/presentation/controllers/onboarding_controller.dart","159","0","159"
"Frontend","cd36d12","2026-07-17","2026-07","FlutterBusiness","Dart","apps/mobile/lib/features/onboarding/presentation/pages/onboarding_page.dart","203","0","203"
"Frontend","cd36d12","2026-07-17","2026-07","Configuration","YAML","apps/mobile/pubspec.yaml","1","0","1"
"Frontend","cd36d12","2026-07-17","2026-07","Documentation","Markdown","apps/mobile/README.md","15","17","-2"
"Frontend","cd36d12","2026-07-17","2026-07","FlutterTest","Dart","apps/mobile/test/app/router/auth_redirect_test.dart","29","0","29"
"Frontend","cd36d12","2026-07-17","2026-07","FlutterTest","Dart","apps/mobile/test/features/auth/auth_controller_test.dart","196","0","196"
"Frontend","cd36d12","2026-07-17","2026-07","FlutterTest","Dart","apps/mobile/test/features/auth/auth_repository_test.dart","65","0","65"
"Frontend","cd36d12","2026-07-17","2026-07","FlutterTest","Dart","apps/mobile/test/features/onboarding/onboarding_controller_test.dart","137","0","137"
"Frontend","cd36d12","2026-07-17","2026-07","FlutterTest","Dart","apps/mobile/test/widget_test.dart","47","6","41"
"Frontend","cd36d12","2026-07-17","2026-07","FlutterTest","Dart","apps/mobile/test_local_backend/f03_auth_onboarding_test.dart","112","0","112"
"Frontend","cd36d12","2026-07-17","2026-07","Documentation","Markdown","docs/03_TECH_STACK.md","4","3","1"
"Frontend","cd36d12","2026-07-17","2026-07","Documentation","Markdown","docs/04_FRONTEND_ARCHITECTURE.md","5","4","1"
"Frontend","cd36d12","2026-07-17","2026-07","Documentation","Markdown","docs/05_API_INTEGRATION.md","8","2","6"
"Frontend","cd36d12","2026-07-17","2026-07","Documentation","Markdown","docs/06_UI_INTERACTION_SPEC.md","6","2","4"
"Frontend","cd36d12","2026-07-17","2026-07","Documentation","Markdown","docs/07_AUTH_ROUTING_SECURITY.md","6","4","2"
"Frontend","cd36d12","2026-07-17","2026-07","Documentation","Markdown","docs/08_BUILD_DEPLOYMENT_GUIDE.md","8","2","6"
"Frontend","cd36d12","2026-07-17","2026-07","Documentation","Markdown","docs/10_VALIDATION_AND_SMOKE_GUIDE.md","13","1","12"
"Frontend","cd36d12","2026-07-17","2026-07","Documentation","Markdown","docs/11_CODEX_TASK_PLAN.md","3","3","0"
"Frontend","cd36d12","2026-07-17","2026-07","Documentation","Markdown","docs/12_LOCAL_DEVELOPMENT_ENVIRONMENT.md","11","1","10"
"Frontend","cd36d12","2026-07-17","2026-07","Documentation","Markdown","docs/references/BACKEND_API_CHANGELOG.md","1","0","1"
"Frontend","cd36d12","2026-07-17","2026-07","Documentation","Markdown","README.md","10","4","6"
"Frontend","cd36d12","2026-07-17","2026-07","Documentation","Markdown","reports/F03_EXECUTION_REPORT.md","91","0","91"
"Frontend","cd36d12","2026-07-17","2026-07","Script","PowerShell","scripts/windows/check-f03.ps1","19","0","19"
"Frontend","cd36d12","2026-07-17","2026-07","Script","PowerShell","scripts/windows/check-mobile-f03.ps1","53","0","53"
"Frontend","cd36d12","2026-07-17","2026-07","Script","PowerShell","scripts/windows/ensure-local-backend-f03.ps1","157","0","157"
"Frontend","cd36d12","2026-07-17","2026-07","Script","PowerShell","scripts/windows/smoke-mobile-auth-f03.ps1","34","0","34"
"Frontend","cd36d12","2026-07-17","2026-07","Script","PowerShell","scripts/windows/status-local-backend-f03.ps1","39","0","39"
"Frontend","cd36d12","2026-07-17","2026-07","Script","PowerShell","scripts/windows/stop-local-backend-f03.ps1","26","0","26"
"Frontend","ea2200f","2026-07-17","2026-07","Configuration","GITIGNORE",".gitignore","7","0","7"
"Frontend","ea2200f","2026-07-17","2026-07","Configuration","EDITORCONFIG","apps/admin/.editorconfig","8","0","8"
"Frontend","ea2200f","2026-07-17","2026-07","Configuration","GITATTRIBUTES","apps/admin/.gitattributes","1","0","1"
"Frontend","ea2200f","2026-07-17","2026-07","Configuration","GITIGNORE","apps/admin/.gitignore","39","0","39"
"Frontend","ea2200f","2026-07-17","2026-07","Configuration","GITKEEP","apps/admin/.gitkeep","0","1","-1"
"Frontend","ea2200f","2026-07-17","2026-07","Configuration","JSON","apps/admin/.oxlintrc.json","10","0","10"
"Frontend","ea2200f","2026-07-17","2026-07","Configuration","JSON","apps/admin/.prettierrc.json","6","0","6"
"Frontend","ea2200f","2026-07-17","2026-07","Configuration","TypeScript","apps/admin/env.d.ts","1","0","1"
"Frontend","ea2200f","2026-07-17","2026-07","Configuration","TypeScript","apps/admin/eslint.config.ts","32","0","32"
"Frontend","ea2200f","2026-07-17","2026-07","Configuration","HTML","apps/admin/index.html","12","0","12"
"Frontend","ea2200f","2026-07-17","2026-07","Configuration","JSON","apps/admin/package.json","56","0","56"
"Frontend","ea2200f","2026-07-17","2026-07","Documentation","Markdown","apps/admin/README.md","16","2","14"
"Frontend","ea2200f","2026-07-17","2026-07","VueTest","TypeScript","apps/admin/src/__tests__/SkeletonView.spec.ts","20","0","20"
"Frontend","ea2200f","2026-07-17","2026-07","VueBusiness","Vue","apps/admin/src/App.vue","3","0","3"
"Frontend","ea2200f","2026-07-17","2026-07","VueBusiness","Vue","apps/admin/src/components/common/AppStatusCard.vue","31","0","31"
"Frontend","ea2200f","2026-07-17","2026-07","VueBusiness","TypeScript","apps/admin/src/main.ts","16","0","16"
"Frontend","ea2200f","2026-07-17","2026-07","VueBusiness","TypeScript","apps/admin/src/router/index.ts","21","0","21"
"Frontend","ea2200f","2026-07-17","2026-07","VueBusiness","TypeScript","apps/admin/src/stores/app.ts","9","0","9"
"Frontend","ea2200f","2026-07-17","2026-07","VueBusiness","SCSS","apps/admin/src/styles/index.scss","22","0","22"
"Frontend","ea2200f","2026-07-17","2026-07","VueBusiness","SCSS","apps/admin/src/styles/reset.scss","20","0","20"
"Frontend","ea2200f","2026-07-17","2026-07","VueBusiness","Vue","apps/admin/src/views/error/NotFoundView.vue","9","0","9"
"Frontend","ea2200f","2026-07-17","2026-07","VueBusiness","Vue","apps/admin/src/views/skeleton/SkeletonView.vue","15","0","15"
"Frontend","ea2200f","2026-07-17","2026-07","Configuration","JSON","apps/admin/tsconfig.app.json","18","0","18"
"Frontend","ea2200f","2026-07-17","2026-07","Configuration","JSON","apps/admin/tsconfig.json","14","0","14"
"Frontend","ea2200f","2026-07-17","2026-07","Configuration","JSON","apps/admin/tsconfig.node.json","27","0","27"
"Frontend","ea2200f","2026-07-17","2026-07","Configuration","JSON","apps/admin/tsconfig.vitest.json","19","0","19"
"Frontend","ea2200f","2026-07-17","2026-07","Configuration","TypeScript","apps/admin/vite.config.ts","18","0","18"
"Frontend","ea2200f","2026-07-17","2026-07","Configuration","TypeScript","apps/admin/vitest.config.ts","14","0","14"
"Frontend","ea2200f","2026-07-17","2026-07","Configuration","GITIGNORE","apps/mobile/.gitignore","45","0","45"
"Frontend","ea2200f","2026-07-17","2026-07","Configuration","GITKEEP","apps/mobile/.gitkeep","0","1","-1"
"Frontend","ea2200f","2026-07-17","2026-07","Configuration","METADATA","apps/mobile/.metadata","33","0","33"
"Frontend","ea2200f","2026-07-17","2026-07","Configuration","YAML","apps/mobile/analysis_options.yaml","28","0","28"
"Frontend","ea2200f","2026-07-17","2026-07","Configuration","GITIGNORE","apps/mobile/android/.gitignore","14","0","14"
"Frontend","ea2200f","2026-07-17","2026-07","Configuration","Kotlin Script","apps/mobile/android/app/build.gradle.kts","45","0","45"
"Frontend","ea2200f","2026-07-17","2026-07","Configuration","XML","apps/mobile/android/app/src/debug/AndroidManifest.xml","7","0","7"
"Frontend","ea2200f","2026-07-17","2026-07","Configuration","XML","apps/mobile/android/app/src/main/AndroidManifest.xml","45","0","45"
"Frontend","ea2200f","2026-07-17","2026-07","Configuration","Kotlin","apps/mobile/android/app/src/main/kotlin/com/southstand/tifo/MainActivity.kt","5","0","5"
"Frontend","ea2200f","2026-07-17","2026-07","Configuration","XML","apps/mobile/android/app/src/main/res/drawable/launch_background.xml","12","0","12"
"Frontend","ea2200f","2026-07-17","2026-07","Configuration","XML","apps/mobile/android/app/src/main/res/drawable-v21/launch_background.xml","12","0","12"
"Frontend","ea2200f","2026-07-17","2026-07","Configuration","XML","apps/mobile/android/app/src/main/res/values/styles.xml","18","0","18"
"Frontend","ea2200f","2026-07-17","2026-07","Configuration","XML","apps/mobile/android/app/src/main/res/values-night/styles.xml","18","0","18"
"Frontend","ea2200f","2026-07-17","2026-07","Configuration","XML","apps/mobile/android/app/src/profile/AndroidManifest.xml","7","0","7"
"Frontend","ea2200f","2026-07-17","2026-07","Configuration","Kotlin Script","apps/mobile/android/build.gradle.kts","24","0","24"
"Frontend","ea2200f","2026-07-17","2026-07","Configuration","Properties","apps/mobile/android/gradle.properties","6","0","6"
"Frontend","ea2200f","2026-07-17","2026-07","Configuration","Properties","apps/mobile/android/gradle/wrapper/gradle-wrapper.properties","5","0","5"
"Frontend","ea2200f","2026-07-17","2026-07","Configuration","Kotlin Script","apps/mobile/android/settings.gradle.kts","26","0","26"
"Frontend","ea2200f","2026-07-17","2026-07","Configuration","GITIGNORE","apps/mobile/ios/.gitignore","34","0","34"
"Frontend","ea2200f","2026-07-17","2026-07","Configuration","Plist","apps/mobile/ios/Flutter/AppFrameworkInfo.plist","24","0","24"
"Frontend","ea2200f","2026-07-17","2026-07","Configuration","Xcode Config","apps/mobile/ios/Flutter/Debug.xcconfig","1","0","1"
"Frontend","ea2200f","2026-07-17","2026-07","Configuration","Xcode Config","apps/mobile/ios/Flutter/Release.xcconfig","1","0","1"
"Frontend","ea2200f","2026-07-17","2026-07","Configuration","Xcode Project","apps/mobile/ios/Runner.xcodeproj/project.pbxproj","644","0","644"
"Frontend","ea2200f","2026-07-17","2026-07","Configuration","XCWORKSPACEDATA","apps/mobile/ios/Runner.xcodeproj/project.xcworkspace/contents.xcworkspacedata","7","0","7"
"Frontend","ea2200f","2026-07-17","2026-07","Configuration","Plist","apps/mobile/ios/Runner.xcodeproj/project.xcworkspace/xcshareddata/IDEWorkspaceChecks.plist","8","0","8"
"Frontend","ea2200f","2026-07-17","2026-07","Configuration","XCSETTINGS","apps/mobile/ios/Runner.xcodeproj/project.xcworkspace/xcshareddata/WorkspaceSettings.xcsettings","8","0","8"
"Frontend","ea2200f","2026-07-17","2026-07","Configuration","XCSCHEME","apps/mobile/ios/Runner.xcodeproj/xcshareddata/xcschemes/Runner.xcscheme","119","0","119"
"Frontend","ea2200f","2026-07-17","2026-07","Configuration","XCWORKSPACEDATA","apps/mobile/ios/Runner.xcworkspace/contents.xcworkspacedata","7","0","7"
"Frontend","ea2200f","2026-07-17","2026-07","Configuration","Plist","apps/mobile/ios/Runner.xcworkspace/xcshareddata/IDEWorkspaceChecks.plist","8","0","8"
"Frontend","ea2200f","2026-07-17","2026-07","Configuration","XCSETTINGS","apps/mobile/ios/Runner.xcworkspace/xcshareddata/WorkspaceSettings.xcsettings","8","0","8"
"Frontend","ea2200f","2026-07-17","2026-07","Configuration","SWIFT","apps/mobile/ios/Runner/AppDelegate.swift","16","0","16"
"Frontend","ea2200f","2026-07-17","2026-07","Configuration","JSON","apps/mobile/ios/Runner/Assets.xcassets/AppIcon.appiconset/Contents.json","122","0","122"
"Frontend","ea2200f","2026-07-17","2026-07","Configuration","JSON","apps/mobile/ios/Runner/Assets.xcassets/LaunchImage.imageset/Contents.json","23","0","23"
"Frontend","ea2200f","2026-07-17","2026-07","Documentation","Markdown","apps/mobile/ios/Runner/Assets.xcassets/LaunchImage.imageset/README.md","5","0","5"
"Frontend","ea2200f","2026-07-17","2026-07","Configuration","STORYBOARD","apps/mobile/ios/Runner/Base.lproj/LaunchScreen.storyboard","37","0","37"
"Frontend","ea2200f","2026-07-17","2026-07","Configuration","STORYBOARD","apps/mobile/ios/Runner/Base.lproj/Main.storyboard","26","0","26"
"Frontend","ea2200f","2026-07-17","2026-07","Configuration","Plist","apps/mobile/ios/Runner/Info.plist","70","0","70"
"Frontend","ea2200f","2026-07-17","2026-07","Configuration","H","apps/mobile/ios/Runner/Runner-Bridging-Header.h","1","0","1"
"Frontend","ea2200f","2026-07-17","2026-07","Configuration","SWIFT","apps/mobile/ios/Runner/SceneDelegate.swift","6","0","6"
"Frontend","ea2200f","2026-07-17","2026-07","Configuration","SWIFT","apps/mobile/ios/RunnerTests/RunnerTests.swift","12","0","12"
"Frontend","ea2200f","2026-07-17","2026-07","FlutterBusiness","Dart","apps/mobile/lib/app/app.dart","17","0","17"
"Frontend","ea2200f","2026-07-17","2026-07","FlutterBusiness","Dart","apps/mobile/lib/app/router/app_router.dart","18","0","18"
"Frontend","ea2200f","2026-07-17","2026-07","FlutterBusiness","Dart","apps/mobile/lib/app/router/route_names.dart","3","0","3"
"Frontend","ea2200f","2026-07-17","2026-07","FlutterBusiness","Dart","apps/mobile/lib/app/theme/app_theme.dart","11","0","11"
"Frontend","ea2200f","2026-07-17","2026-07","FlutterBusiness","Dart","apps/mobile/lib/features/skeleton/presentation/pages/skeleton_page.dart","31","0","31"
"Frontend","ea2200f","2026-07-17","2026-07","FlutterBusiness","Dart","apps/mobile/lib/main.dart","8","0","8"
"Frontend","ea2200f","2026-07-17","2026-07","Configuration","YAML","apps/mobile/pubspec.yaml","21","0","21"
"Frontend","ea2200f","2026-07-17","2026-07","Documentation","Markdown","apps/mobile/README.md","25","2","23"
"Frontend","ea2200f","2026-07-17","2026-07","FlutterTest","Dart","apps/mobile/test/widget_test.dart","13","0","13"
"Frontend","ea2200f","2026-07-17","2026-07","Documentation","Markdown","docs/00_DOCUMENT_MAP.md","6","4","2"
"Frontend","ea2200f","2026-07-17","2026-07","Documentation","Markdown","docs/03_TECH_STACK.md","43","35","8"
"Frontend","ea2200f","2026-07-17","2026-07","Documentation","Markdown","docs/04_FRONTEND_ARCHITECTURE.md","25","6","19"
"Frontend","ea2200f","2026-07-17","2026-07","Documentation","Markdown","docs/08_BUILD_DEPLOYMENT_GUIDE.md","21","15","6"
"Frontend","ea2200f","2026-07-17","2026-07","Documentation","Markdown","docs/10_VALIDATION_AND_SMOKE_GUIDE.md","16","19","-3"
"Frontend","ea2200f","2026-07-17","2026-07","Documentation","Markdown","docs/11_CODEX_TASK_PLAN.md","7","7","0"
"Frontend","ea2200f","2026-07-17","2026-07","Documentation","Markdown","docs/12_LOCAL_DEVELOPMENT_ENVIRONMENT.md","96","0","96"
"Frontend","ea2200f","2026-07-17","2026-07","Documentation","Markdown","README.md","20","8","12"
"Frontend","ea2200f","2026-07-17","2026-07","Documentation","Markdown","reports/F01_EXECUTION_REPORT.md","153","0","153"
"Frontend","ea2200f","2026-07-17","2026-07","Script","PowerShell","scripts/windows/check-admin-f01.ps1","98","0","98"
"Frontend","ea2200f","2026-07-17","2026-07","Script","PowerShell","scripts/windows/check-f01.ps1","22","0","22"
"Frontend","ea2200f","2026-07-17","2026-07","Script","PowerShell","scripts/windows/check-mobile-f01.ps1","102","0","102"
"Frontend","ea2200f","2026-07-17","2026-07","Script","PowerShell","scripts/windows/check-repo.ps1","30","66","-36"
"Frontend","6bacfbb","2026-07-18","2026-07","FlutterBusiness","Dart","apps/mobile/lib/app/router/app_router.dart","85","2","83"
"Frontend","6bacfbb","2026-07-18","2026-07","FlutterBusiness","Dart","apps/mobile/lib/app/router/auth_redirect.dart","7","2","5"
"Frontend","6bacfbb","2026-07-18","2026-07","FlutterBusiness","Dart","apps/mobile/lib/app/router/route_names.dart","8","0","8"
"Frontend","6bacfbb","2026-07-18","2026-07","FlutterBusiness","Dart","apps/mobile/lib/features/feed/data/dto/feed_card_dto.dart","113","0","113"
"Frontend","6bacfbb","2026-07-18","2026-07","FlutterBusiness","Dart","apps/mobile/lib/features/feed/data/feed_api.dart","68","0","68"
"Frontend","6bacfbb","2026-07-18","2026-07","FlutterBusiness","Dart","apps/mobile/lib/features/feed/data/feed_repository.dart","43","0","43"
"Frontend","6bacfbb","2026-07-18","2026-07","FlutterBusiness","Dart","apps/mobile/lib/features/feed/domain/feed_card.dart","95","0","95"
"Frontend","6bacfbb","2026-07-18","2026-07","FlutterBusiness","Dart","apps/mobile/lib/features/feed/domain/feed_filter.dart","10","0","10"
"Frontend","6bacfbb","2026-07-18","2026-07","FlutterBusiness","Dart","apps/mobile/lib/features/feed/domain/feed_page.dart","31","0","31"
"Frontend","6bacfbb","2026-07-18","2026-07","FlutterBusiness","Dart","apps/mobile/lib/features/feed/presentation/controllers/feed_controller.dart","220","0","220"
"Frontend","6bacfbb","2026-07-18","2026-07","FlutterBusiness","Dart","apps/mobile/lib/features/feed/presentation/pages/home_feed_page.dart","258","0","258"
"Frontend","6bacfbb","2026-07-18","2026-07","FlutterBusiness","Dart","apps/mobile/lib/features/feed/presentation/widgets/content_card.dart","168","0","168"
"Frontend","6bacfbb","2026-07-18","2026-07","FlutterBusiness","Dart","apps/mobile/lib/features/feed/presentation/widgets/feed_card_renderer.dart","37","0","37"
"Frontend","6bacfbb","2026-07-18","2026-07","FlutterBusiness","Dart","apps/mobile/lib/features/feed/presentation/widgets/feed_filter_bar.dart","41","0","41"
"Frontend","6bacfbb","2026-07-18","2026-07","FlutterBusiness","Dart","apps/mobile/lib/features/feed/presentation/widgets/feed_load_more.dart","38","0","38"
"Frontend","6bacfbb","2026-07-18","2026-07","FlutterBusiness","Dart","apps/mobile/lib/features/feed/presentation/widgets/followed_team_bar.dart","105","0","105"
"Frontend","6bacfbb","2026-07-18","2026-07","FlutterBusiness","Dart","apps/mobile/lib/features/feed/presentation/widgets/match_card.dart","160","0","160"
"Frontend","6bacfbb","2026-07-18","2026-07","FlutterBusiness","Dart","apps/mobile/lib/features/feed/presentation/widgets/unknown_card.dart","43","0","43"
"Frontend","6bacfbb","2026-07-18","2026-07","FlutterBusiness","Dart","apps/mobile/lib/features/main_shell/presentation/data_placeholder_page.dart","17","0","17"
"Frontend","6bacfbb","2026-07-18","2026-07","FlutterBusiness","Dart","apps/mobile/lib/features/main_shell/presentation/feature_placeholder_page.dart","26","0","26"
"Frontend","6bacfbb","2026-07-18","2026-07","FlutterBusiness","Dart","apps/mobile/lib/features/main_shell/presentation/main_shell_page.dart","31","0","31"
"Frontend","6bacfbb","2026-07-18","2026-07","FlutterBusiness","Dart","apps/mobile/lib/features/main_shell/presentation/messages_placeholder_page.dart","17","0","17"
"Frontend","6bacfbb","2026-07-18","2026-07","FlutterBusiness","Dart","apps/mobile/lib/features/main_shell/presentation/profile_placeholder_page.dart","65","0","65"
"Frontend","6bacfbb","2026-07-18","2026-07","FlutterBusiness","Dart","apps/mobile/lib/features/main_shell/presentation/shell_destination.dart","14","0","14"
"Frontend","6bacfbb","2026-07-18","2026-07","FlutterBusiness","Dart","apps/mobile/lib/shared/widgets/app_content_image.dart","38","0","38"
"Frontend","6bacfbb","2026-07-18","2026-07","Documentation","Markdown","apps/mobile/README.md","7","3","4"
"Frontend","6bacfbb","2026-07-18","2026-07","FlutterTest","Dart","apps/mobile/test/app/router/auth_redirect_test.dart","3","1","2"
"Frontend","6bacfbb","2026-07-18","2026-07","FlutterTest","Dart","apps/mobile/test/f03_1_visual_baseline_test.dart","1","1","0"
"Frontend","6bacfbb","2026-07-18","2026-07","FlutterTest","Dart","apps/mobile/test/features/feed/f04_home_feed_widget_test.dart","295","0","295"
"Frontend","6bacfbb","2026-07-18","2026-07","FlutterTest","Dart","apps/mobile/test/features/feed/feed_card_dto_test.dart","74","0","74"
"Frontend","6bacfbb","2026-07-18","2026-07","FlutterTest","Dart","apps/mobile/test/features/feed/feed_controller_test.dart","167","0","167"
"Frontend","6bacfbb","2026-07-18","2026-07","FlutterTest","Dart","apps/mobile/test_local_backend/f04_feed_test.dart","97","0","97"
"Frontend","6bacfbb","2026-07-18","2026-07","Documentation","Markdown","docs/00_DOCUMENT_MAP.md","2","2","0"
"Frontend","6bacfbb","2026-07-18","2026-07","Documentation","Markdown","docs/04_FRONTEND_ARCHITECTURE.md","6","0","6"
"Frontend","6bacfbb","2026-07-18","2026-07","Documentation","Markdown","docs/05_API_INTEGRATION.md","7","1","6"
"Frontend","6bacfbb","2026-07-18","2026-07","Documentation","Markdown","docs/06_UI_INTERACTION_SPEC.md","5","0","5"
"Frontend","6bacfbb","2026-07-18","2026-07","Documentation","Markdown","docs/07_AUTH_ROUTING_SECURITY.md","5","0","5"
"Frontend","6bacfbb","2026-07-18","2026-07","Documentation","Markdown","docs/08_BUILD_DEPLOYMENT_GUIDE.md","5","0","5"
"Frontend","6bacfbb","2026-07-18","2026-07","Documentation","Markdown","docs/10_VALIDATION_AND_SMOKE_GUIDE.md","7","0","7"
"Frontend","6bacfbb","2026-07-18","2026-07","Documentation","Markdown","docs/11_CODEX_TASK_PLAN.md","4","4","0"
"Frontend","6bacfbb","2026-07-18","2026-07","Documentation","Markdown","docs/12_LOCAL_DEVELOPMENT_ENVIRONMENT.md","5","0","5"
"Frontend","6bacfbb","2026-07-18","2026-07","Documentation","Markdown","docs/13_CLIENT_UI_VISUAL_BASELINE.md","10","0","10"
"Frontend","6bacfbb","2026-07-18","2026-07","Documentation","Markdown","docs/references/BACKEND_API_CHANGELOG.md","1","0","1"
"Frontend","6bacfbb","2026-07-18","2026-07","Documentation","Markdown","README.md","4","4","0"
"Frontend","6bacfbb","2026-07-18","2026-07","Documentation","Markdown","reports/F04_EXECUTION_REPORT.md","50","0","50"
"Frontend","6bacfbb","2026-07-18","2026-07","Documentation","Markdown","reports/F04_UI_REVIEW_CHECKLIST.md","39","0","39"
"Frontend","6bacfbb","2026-07-18","2026-07","Script","PowerShell","scripts/windows/check-f04.ps1","36","0","36"
"Frontend","6bacfbb","2026-07-18","2026-07","Script","PowerShell","scripts/windows/check-mobile-f04.ps1","79","0","79"
"Frontend","6bacfbb","2026-07-18","2026-07","Script","PowerShell","scripts/windows/smoke-mobile-feed-f04.ps1","43","0","43"
"Frontend","6bacfbb","2026-07-18","2026-07","Script","PowerShell","scripts/windows/start-southstand-mobile-dev.ps1","78","0","78"
"Frontend","79ad94b","2026-07-18","2026-07","FlutterBusiness","Dart","apps/mobile/lib/app/router/app_router.dart","34","7","27"
"Frontend","79ad94b","2026-07-18","2026-07","FlutterBusiness","Dart","apps/mobile/lib/app/router/auth_redirect.dart","4","1","3"
"Frontend","79ad94b","2026-07-18","2026-07","FlutterBusiness","Dart","apps/mobile/lib/app/router/route_names.dart","2","0","2"
"Frontend","79ad94b","2026-07-18","2026-07","FlutterBusiness","Dart","apps/mobile/lib/core/auth/session_invalidation.dart","3","0","3"
"Frontend","79ad94b","2026-07-18","2026-07","FlutterBusiness","Dart","apps/mobile/lib/core/network/api_client.dart","10","1","9"
"Frontend","79ad94b","2026-07-18","2026-07","FlutterBusiness","Dart","apps/mobile/lib/core/network/network_providers.dart","12","3","9"
"Frontend","79ad94b","2026-07-18","2026-07","FlutterBusiness","Dart","apps/mobile/lib/features/auth/presentation/controllers/auth_controller.dart","13","1","12"
"Frontend","79ad94b","2026-07-18","2026-07","FlutterBusiness","Dart","apps/mobile/lib/features/content/presentation/pages/content_detail_page.dart","6","5","1"
"Frontend","79ad94b","2026-07-18","2026-07","FlutterBusiness","Dart","apps/mobile/lib/features/feed/presentation/pages/home_feed_page.dart","1","0","1"
"Frontend","79ad94b","2026-07-18","2026-07","FlutterBusiness","Dart","apps/mobile/lib/features/feed/presentation/widgets/feed_card_renderer.dart","1","1","0"
"Frontend","79ad94b","2026-07-18","2026-07","FlutterBusiness","Dart","apps/mobile/lib/features/feed/presentation/widgets/followed_team_bar.dart","39","26","13"
"Frontend","79ad94b","2026-07-18","2026-07","FlutterBusiness","Dart","apps/mobile/lib/features/football/data/football_api.dart","246","0","246"
"Frontend","79ad94b","2026-07-18","2026-07","FlutterBusiness","Dart","apps/mobile/lib/features/football/data/football_repository.dart","49","0","49"
"Frontend","79ad94b","2026-07-18","2026-07","FlutterBusiness","Dart","apps/mobile/lib/features/football/domain/football_models.dart","201","0","201"
"Frontend","79ad94b","2026-07-18","2026-07","FlutterBusiness","Dart","apps/mobile/lib/features/football/domain/match_display_sort.dart","50","0","50"
"Frontend","79ad94b","2026-07-18","2026-07","FlutterBusiness","Dart","apps/mobile/lib/features/football/presentation/controllers/football_data_controller.dart","238","0","238"
"Frontend","79ad94b","2026-07-18","2026-07","FlutterBusiness","Dart","apps/mobile/lib/features/football/presentation/controllers/football_detail_providers.dart","162","0","162"
"Frontend","79ad94b","2026-07-18","2026-07","FlutterBusiness","Dart","apps/mobile/lib/features/football/presentation/pages/football_data_page.dart","251","0","251"
"Frontend","79ad94b","2026-07-18","2026-07","FlutterBusiness","Dart","apps/mobile/lib/features/football/presentation/pages/match_detail_page.dart","303","0","303"
"Frontend","79ad94b","2026-07-18","2026-07","FlutterBusiness","Dart","apps/mobile/lib/features/football/presentation/pages/player_detail_page.dart","205","0","205"
"Frontend","79ad94b","2026-07-18","2026-07","FlutterBusiness","Dart","apps/mobile/lib/features/football/presentation/pages/team_detail_page.dart","317","0","317"
"Frontend","79ad94b","2026-07-18","2026-07","FlutterBusiness","Dart","apps/mobile/lib/features/football/presentation/widgets/football_widgets.dart","234","0","234"
"Frontend","79ad94b","2026-07-18","2026-07","FlutterBusiness","Dart","apps/mobile/lib/features/main_shell/presentation/data_placeholder_page.dart","0","17","-17"
"Frontend","79ad94b","2026-07-18","2026-07","Documentation","Markdown","apps/mobile/README.md","18","4","14"
"Frontend","79ad94b","2026-07-18","2026-07","FlutterTest","Dart","apps/mobile/test/app/router/auth_redirect_test.dart","11","0","11"
"Frontend","79ad94b","2026-07-18","2026-07","FlutterTest","Dart","apps/mobile/test/core/network/api_client_test.dart","27","0","27"
"Frontend","79ad94b","2026-07-18","2026-07","FlutterTest","Dart","apps/mobile/test/features/feed/f06_team_entry_widget_test.dart","198","0","198"
"Frontend","79ad94b","2026-07-18","2026-07","FlutterTest","Dart","apps/mobile/test/features/football/f06_app_router_test.dart","212","0","212"
"Frontend","79ad94b","2026-07-18","2026-07","FlutterTest","Dart","apps/mobile/test/features/football/f06_football_widget_test.dart","439","0","439"
"Frontend","79ad94b","2026-07-18","2026-07","FlutterTest","Dart","apps/mobile/test/features/football/football_controller_test.dart","217","0","217"
"Frontend","79ad94b","2026-07-18","2026-07","FlutterTest","Dart","apps/mobile/test/features/football/match_display_sort_test.dart","73","0","73"
"Frontend","79ad94b","2026-07-18","2026-07","FlutterTest","Dart","apps/mobile/test_local_backend/f06_football_data_test.dart","97","0","97"
"Frontend","79ad94b","2026-07-18","2026-07","Documentation","Markdown","docs/00_DOCUMENT_MAP.md","5","1","4"
"Frontend","79ad94b","2026-07-18","2026-07","Documentation","Markdown","docs/02_REQUIREMENT_SCOPE.md","4","0","4"
"Frontend","79ad94b","2026-07-18","2026-07","Documentation","Markdown","docs/04_FRONTEND_ARCHITECTURE.md","11","0","11"
"Frontend","79ad94b","2026-07-18","2026-07","Documentation","Markdown","docs/05_API_INTEGRATION.md","20","0","20"
"Frontend","79ad94b","2026-07-18","2026-07","Documentation","Markdown","docs/06_UI_INTERACTION_SPEC.md","14","0","14"
"Frontend","79ad94b","2026-07-18","2026-07","Documentation","Markdown","docs/07_AUTH_ROUTING_SECURITY.md","4","0","4"
"Frontend","79ad94b","2026-07-18","2026-07","Documentation","Markdown","docs/08_BUILD_DEPLOYMENT_GUIDE.md","12","0","12"
"Frontend","79ad94b","2026-07-18","2026-07","Documentation","Markdown","docs/10_VALIDATION_AND_SMOKE_GUIDE.md","20","0","20"
"Frontend","79ad94b","2026-07-18","2026-07","Documentation","Markdown","docs/11_CODEX_TASK_PLAN.md","5","3","2"
"Frontend","79ad94b","2026-07-18","2026-07","Documentation","Markdown","docs/12_LOCAL_DEVELOPMENT_ENVIRONMENT.md","5","1","4"
"Frontend","79ad94b","2026-07-18","2026-07","Documentation","Markdown","docs/13_CLIENT_UI_VISUAL_BASELINE.md","16","0","16"
"Frontend","79ad94b","2026-07-18","2026-07","Documentation","Markdown","docs/references/BACKEND_API_CHANGELOG.md","1","0","1"
"Frontend","79ad94b","2026-07-18","2026-07","Documentation","Markdown","README.md","21","3","18"
"Frontend","79ad94b","2026-07-18","2026-07","Configuration","JSON","reports/data-audit/F06_TEXT_DATA_CORRECTIONS.json","436","0","436"
"Frontend","79ad94b","2026-07-18","2026-07","Documentation","Markdown","reports/F06_EXECUTION_REPORT.md","91","0","91"
"Frontend","79ad94b","2026-07-18","2026-07","Documentation","Markdown","reports/F06_FINAL_POLISH_REPORT.md","52","0","52"
"Frontend","79ad94b","2026-07-18","2026-07","Documentation","Markdown","reports/F06_REAL_WORLD_TEXT_DATA_AUDIT.md","136","0","136"
"Frontend","79ad94b","2026-07-18","2026-07","Documentation","Markdown","reports/F06_ROUTING_SORTING_FIX_REPORT.md","55","0","55"
"Frontend","79ad94b","2026-07-18","2026-07","Documentation","Markdown","reports/F06_UI_REVIEW_CHECKLIST.md","90","0","90"
"Frontend","79ad94b","2026-07-18","2026-07","Script","PowerShell","scripts/windows/check-f06.ps1","35","0","35"
"Frontend","79ad94b","2026-07-18","2026-07","Script","PowerShell","scripts/windows/check-f06-text-data-audit.ps1","83","0","83"
"Frontend","79ad94b","2026-07-18","2026-07","Script","PowerShell","scripts/windows/check-mobile-f06.ps1","102","0","102"
"Frontend","79ad94b","2026-07-18","2026-07","Script","PowerShell","scripts/windows/smoke-mobile-football-f06.ps1","35","0","35"
"Frontend","e5f2036","2026-07-18","2026-07","Configuration","Properties","apps/mobile/android/gradle.properties","3","0","3"
"Frontend","e5f2036","2026-07-18","2026-07","Configuration","Plist","apps/mobile/ios/Runner/Info.plist","2","0","2"
"Frontend","e5f2036","2026-07-18","2026-07","FlutterBusiness","Dart","apps/mobile/lib/app/router/app_router.dart","9","12","-3"
"Frontend","e5f2036","2026-07-18","2026-07","FlutterBusiness","Dart","apps/mobile/lib/app/router/auth_redirect.dart","2","1","1"
"Frontend","e5f2036","2026-07-18","2026-07","FlutterBusiness","Dart","apps/mobile/lib/app/router/route_names.dart","1","0","1"
"Frontend","e5f2036","2026-07-18","2026-07","FlutterBusiness","Dart","apps/mobile/lib/core/network/api_client.dart","14","0","14"
"Frontend","e5f2036","2026-07-18","2026-07","FlutterBusiness","Dart","apps/mobile/lib/features/content/data/content_api.dart","100","0","100"
"Frontend","e5f2036","2026-07-18","2026-07","FlutterBusiness","Dart","apps/mobile/lib/features/content/data/content_repository.dart","30","0","30"
"Frontend","e5f2036","2026-07-18","2026-07","FlutterBusiness","Dart","apps/mobile/lib/features/content/domain/content_detail.dart","110","0","110"
"Frontend","e5f2036","2026-07-18","2026-07","FlutterBusiness","Dart","apps/mobile/lib/features/content/presentation/controllers/content_detail_controller.dart","143","0","143"
"Frontend","e5f2036","2026-07-18","2026-07","FlutterBusiness","Dart","apps/mobile/lib/features/content/presentation/controllers/publish_post_controller.dart","207","0","207"
"Frontend","e5f2036","2026-07-18","2026-07","FlutterBusiness","Dart","apps/mobile/lib/features/content/presentation/pages/content_detail_page.dart","198","0","198"
"Frontend","e5f2036","2026-07-18","2026-07","FlutterBusiness","Dart","apps/mobile/lib/features/content/presentation/pages/publish_post_page.dart","202","0","202"
"Frontend","e5f2036","2026-07-18","2026-07","FlutterBusiness","Dart","apps/mobile/lib/features/content/presentation/widgets/content_media_gallery.dart","63","0","63"
"Frontend","e5f2036","2026-07-18","2026-07","FlutterBusiness","Dart","apps/mobile/lib/features/feed/domain/feed_card.dart","6","0","6"
"Frontend","e5f2036","2026-07-18","2026-07","FlutterBusiness","Dart","apps/mobile/lib/features/feed/presentation/controllers/feed_controller.dart","2","2","0"
"Frontend","e5f2036","2026-07-18","2026-07","FlutterBusiness","Dart","apps/mobile/lib/features/feed/presentation/controllers/feed_refresh_coordinator.dart","21","0","21"
"Frontend","e5f2036","2026-07-18","2026-07","FlutterBusiness","Dart","apps/mobile/lib/features/feed/presentation/models/feed_display_sections.dart","42","0","42"
"Frontend","e5f2036","2026-07-18","2026-07","FlutterBusiness","Dart","apps/mobile/lib/features/feed/presentation/pages/home_feed_page.dart","120","56","64"
"Frontend","e5f2036","2026-07-18","2026-07","FlutterBusiness","Dart","apps/mobile/lib/features/feed/presentation/widgets/feed_card_renderer.dart","1","1","0"
"Frontend","e5f2036","2026-07-18","2026-07","FlutterBusiness","Dart","apps/mobile/lib/features/file_upload/data/file_upload_repository.dart","38","0","38"
"Frontend","e5f2036","2026-07-18","2026-07","FlutterBusiness","Dart","apps/mobile/lib/features/file_upload/domain/uploaded_file.dart","5","0","5"
"Frontend","e5f2036","2026-07-18","2026-07","FlutterBusiness","Dart","apps/mobile/lib/features/interaction/data/interaction_api.dart","113","0","113"
"Frontend","e5f2036","2026-07-18","2026-07","FlutterBusiness","Dart","apps/mobile/lib/features/interaction/data/interaction_repository.dart","53","0","53"
"Frontend","e5f2036","2026-07-18","2026-07","FlutterBusiness","Dart","apps/mobile/lib/features/interaction/domain/comment.dart","67","0","67"
"Frontend","e5f2036","2026-07-18","2026-07","FlutterBusiness","Dart","apps/mobile/lib/features/interaction/presentation/controllers/comment_controller.dart","202","0","202"
"Frontend","e5f2036","2026-07-18","2026-07","FlutterBusiness","Dart","apps/mobile/lib/features/interaction/presentation/widgets/comment_section.dart","302","0","302"
"Frontend","e5f2036","2026-07-18","2026-07","Configuration","YAML","apps/mobile/pubspec.yaml","1","0","1"
"Frontend","e5f2036","2026-07-18","2026-07","Documentation","Markdown","apps/mobile/README.md","7","1","6"
"Frontend","e5f2036","2026-07-18","2026-07","FlutterTest","Dart","apps/mobile/test/features/content/f05_controllers_test.dart","297","0","297"
"Frontend","e5f2036","2026-07-18","2026-07","FlutterTest","Dart","apps/mobile/test/features/content/f05_publish_return_route_test.dart","186","0","186"
"Frontend","e5f2036","2026-07-18","2026-07","FlutterTest","Dart","apps/mobile/test/features/content/f05_widgets_test.dart","90","0","90"
"Frontend","e5f2036","2026-07-18","2026-07","FlutterTest","Dart","apps/mobile/test/features/feed/f04_home_feed_widget_test.dart","132","13","119"
"Frontend","e5f2036","2026-07-18","2026-07","FlutterTest","Dart","apps/mobile/test/features/feed/feed_controller_test.dart","47","0","47"
"Frontend","e5f2036","2026-07-18","2026-07","FlutterTest","Dart","apps/mobile/test/features/feed/feed_display_sections_test.dart","73","0","73"
"Frontend","e5f2036","2026-07-18","2026-07","FlutterTest","Dart","apps/mobile/test_local_backend/f05_content_interaction_test.dart","284","0","284"
"Frontend","e5f2036","2026-07-18","2026-07","Documentation","Markdown","docs/00_DOCUMENT_MAP.md","1","1","0"
"Frontend","e5f2036","2026-07-18","2026-07","Documentation","Markdown","docs/03_TECH_STACK.md","4","0","4"
"Frontend","e5f2036","2026-07-18","2026-07","Documentation","Markdown","docs/04_FRONTEND_ARCHITECTURE.md","11","0","11"
"Frontend","e5f2036","2026-07-18","2026-07","Documentation","Markdown","docs/05_API_INTEGRATION.md","8","0","8"
"Frontend","e5f2036","2026-07-18","2026-07","Documentation","Markdown","docs/06_UI_INTERACTION_SPEC.md","8","0","8"
"Frontend","e5f2036","2026-07-18","2026-07","Documentation","Markdown","docs/07_AUTH_ROUTING_SECURITY.md","4","0","4"
"Frontend","e5f2036","2026-07-18","2026-07","Documentation","Markdown","docs/08_BUILD_DEPLOYMENT_GUIDE.md","6","0","6"
"Frontend","e5f2036","2026-07-18","2026-07","Documentation","Markdown","docs/10_VALIDATION_AND_SMOKE_GUIDE.md","8","0","8"
"Frontend","e5f2036","2026-07-18","2026-07","Documentation","Markdown","docs/11_CODEX_TASK_PLAN.md","4","2","2"
"Frontend","e5f2036","2026-07-18","2026-07","Documentation","Markdown","docs/12_LOCAL_DEVELOPMENT_ENVIRONMENT.md","2","0","2"
"Frontend","e5f2036","2026-07-18","2026-07","Documentation","Markdown","docs/13_CLIENT_UI_VISUAL_BASELINE.md","8","0","8"
"Frontend","e5f2036","2026-07-18","2026-07","Documentation","Markdown","docs/references/BACKEND_API_CHANGELOG.md","1","0","1"
"Frontend","e5f2036","2026-07-18","2026-07","Documentation","Markdown","README.md","5","3","2"
"Frontend","e5f2036","2026-07-18","2026-07","Documentation","Markdown","reports/F05_EXECUTION_REPORT.md","41","0","41"
"Frontend","e5f2036","2026-07-18","2026-07","Documentation","Markdown","reports/F05_PUBLISH_RETURN_FIX_REPORT.md","38","0","38"
"Frontend","e5f2036","2026-07-18","2026-07","Documentation","Markdown","reports/F05_UI_REVIEW_CHECKLIST.md","29","0","29"
"Frontend","e5f2036","2026-07-18","2026-07","Script","PowerShell","scripts/windows/check-f05.ps1","4","0","4"
"Frontend","e5f2036","2026-07-18","2026-07","Script","PowerShell","scripts/windows/check-mobile-f05.ps1","70","0","70"
"Frontend","e5f2036","2026-07-18","2026-07","Script","PowerShell","scripts/windows/smoke-mobile-content-f05.ps1","38","0","38"
"Frontend","e5f2036","2026-07-18","2026-07","Script","PowerShell","scripts/windows/start-southstand-mobile-dev.ps1","0","78","-78"
"Frontend","e5f2036","2026-07-18","2026-07","Script","PowerShell","scripts/windows/sync-backend-docs.ps1","11","2","9"
"Frontend","92c42f6","2026-07-19","2026-07","Documentation","Markdown","apps/admin/README.md","7","1","6"
"Frontend","92c42f6","2026-07-19","2026-07","VueTest","TypeScript","apps/admin/src/__tests__/f08-auth.spec.ts","185","0","185"
"Frontend","92c42f6","2026-07-19","2026-07","VueTest","TypeScript","apps/admin/src/__tests__/f08-ui.spec.ts","93","0","93"
"Frontend","92c42f6","2026-07-19","2026-07","VueBusiness","TypeScript","apps/admin/src/api/auth.ts","62","0","62"
"Frontend","92c42f6","2026-07-19","2026-07","VueBusiness","TypeScript","apps/admin/src/api/auth-events.ts","13","0","13"
"Frontend","92c42f6","2026-07-19","2026-07","VueBusiness","TypeScript","apps/admin/src/api/request.ts","16","7","9"
"Frontend","92c42f6","2026-07-19","2026-07","VueBusiness","TypeScript","apps/admin/src/api/runtime.ts","17","0","17"
"Frontend","92c42f6","2026-07-19","2026-07","VueBusiness","Vue","apps/admin/src/components/admin/AdminSidebar.vue","29","0","29"
"Frontend","92c42f6","2026-07-19","2026-07","VueBusiness","Vue","apps/admin/src/components/admin/AdminTopbar.vue","25","0","25"
"Frontend","92c42f6","2026-07-19","2026-07","VueBusiness","Vue","apps/admin/src/components/admin/AdminUserMenu.vue","26","0","26"
"Frontend","92c42f6","2026-07-19","2026-07","VueBusiness","Vue","apps/admin/src/layouts/AdminLayout.vue","32","0","32"
"Frontend","92c42f6","2026-07-19","2026-07","VueBusiness","TypeScript","apps/admin/src/main.ts","13","1","12"
"Frontend","92c42f6","2026-07-19","2026-07","VueBusiness","TypeScript","apps/admin/src/router/guards.ts","31","0","31"
"Frontend","92c42f6","2026-07-19","2026-07","VueBusiness","TypeScript","apps/admin/src/router/index.ts","47","9","38"
"Frontend","92c42f6","2026-07-19","2026-07","VueBusiness","TypeScript","apps/admin/src/stores/auth.ts","157","0","157"
"Frontend","92c42f6","2026-07-19","2026-07","VueBusiness","SCSS","apps/admin/src/styles/index.scss","258","1","257"
"Frontend","92c42f6","2026-07-19","2026-07","VueBusiness","TypeScript","apps/admin/src/types/auth.ts","17","0","17"
"Frontend","92c42f6","2026-07-19","2026-07","VueBusiness","TypeScript","apps/admin/src/utils/auth-storage.ts","25","0","25"
"Frontend","92c42f6","2026-07-19","2026-07","VueBusiness","TypeScript","apps/admin/src/utils/role.ts","5","0","5"
"Frontend","92c42f6","2026-07-19","2026-07","VueBusiness","Vue","apps/admin/src/views/auth/LoginView.vue","78","0","78"
"Frontend","92c42f6","2026-07-19","2026-07","VueBusiness","Vue","apps/admin/src/views/dashboard/DashboardView.vue","30","0","30"
"Frontend","92c42f6","2026-07-19","2026-07","VueBusiness","Vue","apps/admin/src/views/error/ForbiddenView.vue","19","0","19"
"Frontend","92c42f6","2026-07-19","2026-07","VueBusiness","Vue","apps/admin/src/views/error/NotFoundView.vue","1","1","0"
"Frontend","92c42f6","2026-07-19","2026-07","VueBusiness","Vue","apps/admin/src/views/error/SessionErrorView.vue","27","0","27"
"Frontend","92c42f6","2026-07-19","2026-07","VueBusiness","Vue","apps/admin/src/views/placeholders/AdminModulePlaceholder.vue","12","0","12"
"Frontend","92c42f6","2026-07-19","2026-07","Documentation","Markdown","docs/04_FRONTEND_ARCHITECTURE.md","4","0","4"
"Frontend","92c42f6","2026-07-19","2026-07","Documentation","Markdown","docs/05_API_INTEGRATION.md","6","0","6"
"Frontend","92c42f6","2026-07-19","2026-07","Documentation","Markdown","docs/06_UI_INTERACTION_SPEC.md","4","0","4"
"Frontend","92c42f6","2026-07-19","2026-07","Documentation","Markdown","docs/07_AUTH_ROUTING_SECURITY.md","6","0","6"
"Frontend","92c42f6","2026-07-19","2026-07","Documentation","Markdown","docs/08_BUILD_DEPLOYMENT_GUIDE.md","4","0","4"
"Frontend","92c42f6","2026-07-19","2026-07","Documentation","Markdown","docs/10_VALIDATION_AND_SMOKE_GUIDE.md","8","0","8"
"Frontend","92c42f6","2026-07-19","2026-07","Documentation","Markdown","docs/11_CODEX_TASK_PLAN.md","3","1","2"
"Frontend","92c42f6","2026-07-19","2026-07","Documentation","Markdown","docs/references/BACKEND_API_CHANGELOG.md","1","0","1"
"Frontend","92c42f6","2026-07-19","2026-07","Documentation","Markdown","README.md","9","1","8"
"Frontend","92c42f6","2026-07-19","2026-07","Documentation","Markdown","reports/F08_EXECUTION_REPORT.md","30","0","30"
"Frontend","92c42f6","2026-07-19","2026-07","Documentation","Markdown","reports/F08_UI_REVIEW_CHECKLIST.md","11","0","11"
"Frontend","92c42f6","2026-07-19","2026-07","Script","PowerShell","scripts/windows/check-admin-f08.ps1","52","0","52"
"Frontend","92c42f6","2026-07-19","2026-07","Script","PowerShell","scripts/windows/check-f08.ps1","26","0","26"
"Frontend","92c42f6","2026-07-19","2026-07","Script","PowerShell","scripts/windows/smoke-admin-auth-f08.ps1","46","0","46"
"Frontend","b9a26c8","2026-07-19","2026-07","FlutterBusiness","Dart","apps/mobile/lib/app/router/app_router.dart","132","4","128"
"Frontend","b9a26c8","2026-07-19","2026-07","FlutterBusiness","Dart","apps/mobile/lib/app/router/auth_redirect.dart","3","1","2"
"Frontend","b9a26c8","2026-07-19","2026-07","FlutterBusiness","Dart","apps/mobile/lib/app/router/route_names.dart","1","0","1"
"Frontend","b9a26c8","2026-07-19","2026-07","FlutterBusiness","Dart","apps/mobile/lib/features/content/presentation/pages/content_detail_page.dart","23","17","6"
"Frontend","b9a26c8","2026-07-19","2026-07","FlutterBusiness","Dart","apps/mobile/lib/features/feed/presentation/widgets/content_card.dart","27","19","8"
"Frontend","b9a26c8","2026-07-19","2026-07","FlutterBusiness","Dart","apps/mobile/lib/features/feed/presentation/widgets/feed_card_renderer.dart","3","0","3"
"Frontend","b9a26c8","2026-07-19","2026-07","FlutterBusiness","Dart","apps/mobile/lib/features/message/presentation/messages_unavailable_page.dart","15","0","15"
"Frontend","b9a26c8","2026-07-19","2026-07","FlutterBusiness","Dart","apps/mobile/lib/features/user_center/data/user_center_api.dart","227","0","227"
"Frontend","b9a26c8","2026-07-19","2026-07","FlutterBusiness","Dart","apps/mobile/lib/features/user_center/data/user_center_repository.dart","74","0","74"
"Frontend","b9a26c8","2026-07-19","2026-07","FlutterBusiness","Dart","apps/mobile/lib/features/user_center/domain/user_center_models.dart","190","0","190"
"Frontend","b9a26c8","2026-07-19","2026-07","FlutterBusiness","Dart","apps/mobile/lib/features/user_center/presentation/controllers/user_center_controllers.dart","315","0","315"
"Frontend","b9a26c8","2026-07-19","2026-07","FlutterBusiness","Dart","apps/mobile/lib/features/user_center/presentation/pages/edit_profile_page.dart","110","0","110"
"Frontend","b9a26c8","2026-07-19","2026-07","FlutterBusiness","Dart","apps/mobile/lib/features/user_center/presentation/pages/followed_entities_page.dart","113","0","113"
"Frontend","b9a26c8","2026-07-19","2026-07","FlutterBusiness","Dart","apps/mobile/lib/features/user_center/presentation/pages/my_profile_page.dart","273","0","273"
"Frontend","b9a26c8","2026-07-19","2026-07","FlutterBusiness","Dart","apps/mobile/lib/features/user_center/presentation/pages/public_user_page.dart","181","0","181"
"Frontend","b9a26c8","2026-07-19","2026-07","FlutterBusiness","Dart","apps/mobile/lib/features/user_center/presentation/pages/unavailable_page.dart","21","0","21"
"Frontend","b9a26c8","2026-07-19","2026-07","FlutterBusiness","Dart","apps/mobile/lib/features/user_center/presentation/pages/user_list_page.dart","190","0","190"
"Frontend","b9a26c8","2026-07-19","2026-07","Documentation","Markdown","apps/mobile/README.md","6","0","6"
"Frontend","b9a26c8","2026-07-19","2026-07","FlutterTest","Dart","apps/mobile/test/features/user_center/f07_router_test.dart","69","0","69"
"Frontend","b9a26c8","2026-07-19","2026-07","FlutterTest","Dart","apps/mobile/test/features/user_center/f07_user_center_test.dart","145","0","145"
"Frontend","b9a26c8","2026-07-19","2026-07","FlutterTest","Dart","apps/mobile/test_local_backend/f07_user_follow_message_test.dart","164","0","164"
"Frontend","b9a26c8","2026-07-19","2026-07","Documentation","Markdown","docs/04_FRONTEND_ARCHITECTURE.md","4","0","4"
"Frontend","b9a26c8","2026-07-19","2026-07","Documentation","Markdown","docs/05_API_INTEGRATION.md","10","0","10"
"Frontend","b9a26c8","2026-07-19","2026-07","Documentation","Markdown","docs/06_UI_INTERACTION_SPEC.md","4","0","4"
"Frontend","b9a26c8","2026-07-19","2026-07","Documentation","Markdown","docs/07_AUTH_ROUTING_SECURITY.md","4","0","4"
"Frontend","b9a26c8","2026-07-19","2026-07","Documentation","Markdown","docs/10_VALIDATION_AND_SMOKE_GUIDE.md","8","0","8"
"Frontend","b9a26c8","2026-07-19","2026-07","Documentation","Markdown","docs/11_CODEX_TASK_PLAN.md","3","1","2"
"Frontend","b9a26c8","2026-07-19","2026-07","Documentation","Markdown","docs/13_CLIENT_UI_VISUAL_BASELINE.md","4","0","4"
"Frontend","b9a26c8","2026-07-19","2026-07","Documentation","Markdown","docs/references/BACKEND_API_CHANGELOG.md","1","0","1"
"Frontend","b9a26c8","2026-07-19","2026-07","Documentation","Markdown","README.md","11","1","10"
"Frontend","b9a26c8","2026-07-19","2026-07","Documentation","Markdown","reports/F07_EXECUTION_REPORT.md","28","0","28"
"Frontend","b9a26c8","2026-07-19","2026-07","Documentation","Markdown","reports/F07_UI_REVIEW_CHECKLIST.md","14","0","14"
"Frontend","b9a26c8","2026-07-19","2026-07","Script","PowerShell","scripts/windows/check-f07.ps1","21","0","21"
"Frontend","b9a26c8","2026-07-19","2026-07","Script","PowerShell","scripts/windows/check-mobile-f07.ps1","53","0","53"
"Frontend","b9a26c8","2026-07-19","2026-07","Script","PowerShell","scripts/windows/smoke-mobile-user-follow-message-f07.ps1","36","0","36"
